fecha,LI,R
2010-02-05,0.741,0.6591
2010-02-06,0.737,0.6536
2010-02-07,0.737,0.6536
2010-02-08,0.7355,0.6756
2010-02-09,0.7282,0.6756
2010-02-10,0.7282,0.6756
2010-02-11,0.7282,0.6756
2010-02-12,0.7282,0.6756
2010-02-13,0.7282,0.6756
2010-02-14,0.7282,0.6756
2010-02-15,0.7106,0.6756
2010-02-16,0.7106,0.6756
2010-02-17,0.7106,0.6756
2010-02-18,0.7106,0.6756
2010-02-19,0.6986,0.6756
2010-02-20,0.7096,0.6756
2010-02-21,0.7096,0.6756
2010-02-22,0.7096,0.6756
2010-02-23,0.7096,0.6756
2010-02-24,0.7096,0.6756
2010-02-25,0.7096,0.6756
2010-02-26,0.698,0.6642
2010-02-27,0.698,0.6642
2010-02-28,0.698,0.6642
2010-03-01,0.698,0.6642
2010-03-02,0.7022,0.6661
2010-03-03,0.6909,0.6675
2010-03-04,0.6994,0.6756
2010-03-05,0.7062,0.6756
2010-03-06,0.7062,0.6756
2010-03-07,0.7062,0.6756
2010-03-08,0.7062,0.6756
2010-03-09,0.7062,0.6756
2010-03-10,0.7062,0.6756
2010-03-11,0.7172,0.6756
2010-03-12,0.694,0.6756
2010-03-13,0.694,0.6756
2010-03-14,0.694,0.6756
2010-03-15,0.6982,0.6756
2010-03-16,0.6982,0.6756
2010-03-17,0.6982,0.6756
2010-03-18,0.6982,0.6756
2010-03-19,0.6982,0.6756
2010-03-20,0.676,0.6544
2010-03-21,0.676,0.6544
2010-03-22,0.6825,0.6568
2010-03-23,0.6825,0.6568
2010-03-24,0.6825,0.6568
2010-03-25,0.6825,0.6568
2010-03-26,0.6825,0.6568
2010-03-27,0.6825,0.6568
2010-03-28,0.682,0.6453
2010-03-29,0.682,0.6453
2010-03-30,0.6745,0.6486
2010-03-31,0.6745,0.6486
2010-04-01,0.6871,0.6568
2010-04-02,0.7148,0.6756
2010-04-03,0.7006,0.6756
2010-04-04,0.6715,0.6519
2010-04-05,0.6715,0.6519
2010-04-06,0.6715,0.6519
2010-04-07,0.6601,0.6429
2010-04-08,0.6508,0.6213
2010-04-09,0.6508,0.6213
2010-04-10,0.6498,0.6191
2010-04-11,0.6572,0.6134
2010-04-12,0.6572,0.6134
2010-04-13,0.6506,0.6191
2010-04-14,0.6444,0.6134
2010-04-15,0.6407,0.6068
2010-04-16,0.6527,0.6134
2010-04-17,0.6596,0.613
2010-04-18,0.6479,0.6127
2010-04-19,0.6439,0.6143
2010-04-20,0.6328,0.5958
2010-04-21,0.6257,0.5859
2010-04-22,0.6257,0.5859
2010-04-23,0.6257,0.5859
2010-04-24,0.6257,0.5859
2010-04-25,0.6257,0.5859
2010-04-26,0.6257,0.5859
2010-04-27,0.6389,0.5925
2010-04-28,0.6272,0.584
2010-04-29,0.6491,0.5988
2010-04-30,0.6491,0.5988
2010-05-01,0.6364,0.5924
2010-05-02,0.6364,0.5924
2010-05-03,0.6379,0.5926
2010-05-04,0.651,0.6043
2010-05-05,0.651,0.6043
2010-05-06,0.6485,0.5976
2010-05-07,0.6593,0.6076
2010-05-08,0.6622,0.5772
2010-05-09,0.6622,0.5772
2010-05-10,0.6428,0.579
2010-05-11,0.6367,0.5665
2010-05-12,0.6367,0.5665
2010-05-13,0.6147,0.5225
2010-05-14,0.6238,0.5399
2010-05-15,0.6181,0.5205
2010-05-16,0.6181,0.5205
2010-05-17,0.6326,0.5405
2010-05-18,0.636,0.5478
2010-05-19,0.636,0.5478
2010-05-20,0.6391,0.5501
2010-05-21,0.6388,0.5885
2010-05-22,0.6388,0.5885
2010-05-23,0.632,0.5982
2010-05-24,0.632,0.5982
2010-05-25,0.611,0.5798
2010-05-26,0.5976,0.5745
2010-05-27,0.5976,0.5745
2010-05-28,0.6182,0.592
2010-05-29,0.6182,0.592
2010-05-30,0.5964,0.5755
2010-05-31,0.6163,0.5931
2010-06-01,0.6178,0.6014
2010-06-02,0.6352,0.6137
2010-06-03,0.6352,0.6137
2010-06-04,0.6352,0.6137
2010-06-05,0.6298,0.6068
2010-06-06,0.6428,0.6132
2010-06-07,0.6428,0.6132
2010-06-08,0.6343,0.606
2010-06-09,0.6243,0.6004
2010-06-10,0.6268,0.6056
2010-06-11,0.6268,0.6056
2010-06-12,0.6216,0.5975
2010-06-13,0.6422,0.6196
2010-06-14,0.6422,0.6196
2010-06-15,0.6328,0.6039
2010-06-16,0.6328,0.6039
2010-06-17,0.6431,0.6019
2010-06-18,0.6431,0.6019
2010-06-19,0.6431,0.6019
2010-06-20,0.642,0.5927
2010-06-21,0.6413,0.6019
2010-06-22,0.6571,0.6174
2010-06-23,0.6495,0.6107
2010-06-24,0.6647,0.6331
2010-06-25,0.6658,0.6328
2010-06-26,0.6558,0.6237
2010-06-27,0.6416,0.6131
2010-06-28,0.6416,0.6131
2010-06-29,0.6446,0.6251
2010-06-30,0.6446,0.6251
2010-07-01,0.6447,0.621
2010-07-02,0.6447,0.621
2010-07-03,0.6447,0.621
2010-07-04,0.6447,0.621
2010-07-05,0.6447,0.621
2010-07-06,0.6447,0.621
2010-07-07,0.6447,0.621
2010-07-08,0.6579,0.6335
2010-07-09,0.6612,0.6389
2010-07-10,0.6495,0.6273
2010-07-11,0.6358,0.6147
2010-07-12,0.6339,0.6131
2010-07-13,0.6309,0.6068
2010-07-14,0.6291,0.603
2010-07-15,0.6414,0.6176
2010-07-16,0.6414,0.6176
2010-07-17,0.6503,0.6272
2010-07-18,0.6503,0.6272
2010-07-19,0.6503,0.6272
2010-07-20,0.6503,0.6272
2010-07-21,0.6446,0.6228
2010-07-22,0.6302,0.602
2010-07-23,0.6171,0.5868
2010-07-24,0.6132,0.5769
2010-07-25,0.6341,0.5877
2010-07-26,0.6313,0.5877
2010-07-27,0.6324,0.6041
2010-07-28,0.625,0.5883
2010-07-29,0.6217,0.5804
2010-07-30,0.6177,0.5772
2010-07-31,0.622,0.5833
2010-08-01,0.622,0.5833
2010-08-02,0.601,0.5714
2010-08-03,0.5927,0.5657
2010-08-04,0.5927,0.5657
2010-08-05,0.5744,0.5419
2010-08-06,0.5658,0.5465
2010-08-07,0.563,0.5426
2010-08-08,0.5595,0.5402
2010-08-09,0.5616,0.5436
2010-08-10,0.5877,0.5615
2010-08-11,0.6035,0.5738
2010-08-12,0.6035,0.5738
2010-08-13,0.593,0.5656
2010-08-14,0.6025,0.5611
2010-08-15,0.6025,0.5611
2010-08-16,0.6122,0.5665
2010-08-17,0.6122,0.5665
2010-08-18,0.6005,0.5618
2010-08-19,0.6005,0.5618
2010-08-20,0.5864,0.5536
2010-08-21,0.5961,0.5602
2010-08-22,0.5998,0.5624
2010-08-23,0.5884,0.5498
2010-08-24,0.5997,0.566
2010-08-25,0.6132,0.5775
2010-08-26,0.6117,0.573
2010-08-27,0.6201,0.5855
2010-08-28,0.6319,0.6053
2010-08-29,0.6295,0.5989
2010-08-30,0.6227,0.5912
2010-08-31,0.6227,0.5912
2010-09-01,0.6425,0.6142
2010-09-02,0.6378,0.6074
2010-09-03,0.6221,0.59
2010-09-04,0.6357,0.5961
2010-09-05,0.6515,0.594
2010-09-06,0.6586,0.5997
2010-09-07,0.7016,0.5871
2010-09-08,0.6767,0.6091
2010-09-09,0.6507,0.6175
2010-09-10,0.6633,0.6258
2010-09-11,0.6536,0.6027
2010-09-12,0.6628,0.6138
2010-09-13,0.6628,0.6138
2010-09-14,0.6628,0.6138
2010-09-15,0.6628,0.6138
2010-09-16,0.6591,0.6143
2010-09-17,0.6595,0.6206
2010-09-18,0.6595,0.6206
2010-09-19,0.6628,0.6212
2010-09-20,0.6594,0.6203
2010-09-21,0.6594,0.6203
2010-09-22,0.664,0.6205
2010-09-23,0.6485,0.6031
2010-09-24,0.6317,0.5962
2010-09-25,0.638,0.5973
2010-09-26,0.618,0.5824
2010-09-27,0.618,0.5824
2010-09-28,0.6121,0.5785
2010-09-29,0.6121,0.5785
2010-09-30,0.6121,0.5785
2010-10-01,0.5961,0.5656
2010-10-02,0.5961,0.5656
2010-10-03,0.5961,0.5656
2010-10-04,0.6068,0.5846
2010-10-05,0.6068,0.5846
2010-10-06,0.6068,0.5846
2010-10-07,0.6068,0.5846
2010-10-08,0.5989,0.5763
2010-10-09,0.5936,0.564
2010-10-10,0.5808,0.5488
2010-10-11,0.5925,0.5543
2010-10-12,0.6004,0.5593
2010-10-13,0.6004,0.5593
2010-10-14,0.6004,0.5593
2010-10-15,0.6004,0.5593
2010-10-16,0.6272,0.575
2010-10-17,0.6272,0.575
2010-10-18,0.6143,0.5668
2010-10-19,0.6266,0.5743
2010-10-20,0.6461,0.5762
2010-10-21,0.6498,0.5873
2010-10-22,0.6521,0.5902
2010-10-23,0.6483,0.622
2010-10-24,0.6514,0.6153
2010-10-25,0.6547,0.6181
2010-10-26,0.6818,0.6387
2010-10-27,0.6791,0.6378
2010-10-28,0.6926,0.6487
2010-10-29,0.6926,0.6487
2010-10-30,0.6926,0.6487
2010-10-31,0.6799,0.6397
2010-11-01,0.6799,0.6397
2010-11-02,0.7026,0.6468
2010-11-03,0.6982,0.6427
2010-11-04,0.6982,0.6427
2010-11-05,0.7096,0.6385
2010-11-06,0.7056,0.6431
2010-11-07,0.7042,0.6306
2010-11-08,0.7157,0.6459
2010-11-09,0.7147,0.618
2010-11-10,0.7147,0.618
2010-11-11,0.7079,0.6252
2010-11-12,0.702,0.6227
2010-11-13,0.702,0.6227
2010-11-14,0.702,0.6227
2010-11-15,0.6893,0.6158
2010-11-16,0.6893,0.6158
2010-11-17,0.6922,0.6159
2010-11-18,0.6922,0.6159
2010-11-19,0.6922,0.6159
2010-11-20,0.6867,0.6154
2010-11-21,0.6515,0.6011
2010-11-22,0.6515,0.6011
2010-11-23,0.6274,0.5825
2010-11-24,0.6286,0.5929
2010-11-25,0.6125,0.5785
2010-11-26,0.6112,0.5642
2010-11-27,0.606,0.5542
2010-11-28,0.6004,0.5515
2010-11-29,0.6004,0.5515
2010-11-30,0.5989,0.5462
2010-12-01,0.5984,0.5397
2010-12-02,0.6199,0.5646
2010-12-03,0.6262,0.5689
2010-12-04,0.6239,0.5786
2010-12-05,0.6345,0.5843
2010-12-06,0.6359,0.5834
2010-12-07,0.6361,0.5831
2010-12-08,0.6361,0.5831
2010-12-09,0.6225,0.5732
2010-12-10,0.6135,0.5678
2010-12-11,0.6249,0.5737
2010-12-12,0.6357,0.581
2010-12-13,0.6357,0.581
2010-12-14,0.6357,0.581
2010-12-15,0.6384,0.595
2010-12-16,0.6384,0.595
2010-12-17,0.6535,0.6076
2010-12-18,0.6535,0.6076
2010-12-19,0.6535,0.6076
2010-12-20,0.6605,0.6126
2010-12-21,0.6537,0.6127
2010-12-22,0.6537,0.6127
2010-12-23,0.6587,0.6188
2010-12-24,0.663,0.6267
2010-12-25,0.6676,0.6227
2010-12-26,0.6829,0.6302
2010-12-27,0.7107,0.6471
2010-12-28,0.7191,0.6554
2010-12-29,0.6842,0.6392
2010-12-30,0.686,0.6359
2010-12-31,0.7014,0.6144
2011-01-01,0.7014,0.6144
2011-01-02,0.7006,0.6041
2011-01-03,0.7132,0.5938
2011-01-04,0.7093,0.6041
2011-01-05,0.7261,0.6189
2011-01-06,0.7298,0.6221
2011-01-07,0.7298,0.6221
2011-01-08,0.7722,0.6465
2011-01-09,0.7821,0.6535
2011-01-10,0.7821,0.6535
2011-01-11,0.7298,0.6384
2011-01-12,0.684,0.6297
2011-01-13,0.6769,0.6205
2011-01-14,0.6948,0.6144
2011-01-15,0.6818,0.6132
2011-01-16,0.6469,0.5886
2011-01-17,0.6356,0.5665
2011-01-18,0.6356,0.5665
2011-01-19,0.6284,0.5613
2011-01-20,0.6284,0.5613
2011-01-21,0.6246,0.5569
2011-01-22,0.6182,0.5533
2011-01-23,0.5953,0.5313
2011-01-24,0.5953,0.5313
2011-01-25,0.5863,0.5185
2011-01-26,0.5863,0.5185
2011-01-27,0.5754,0.5062
2011-01-28,0.5704,0.5082
2011-01-29,0.584,0.5252
2011-01-30,0.6211,0.5356
2011-01-31,0.6211,0.5356
2011-02-01,0.6211,0.5356
2011-02-02,0.6166,0.5368
2011-02-03,0.6089,0.5322
2011-02-04,0.5989,0.5252
2011-02-05,0.61,0.5348
2011-02-06,0.61,0.5348
2011-02-07,0.606,0.5297
2011-02-08,0.5864,0.5166
2011-02-09,0.5864,0.5166
2011-02-10,0.5987,0.5294
2011-02-11,0.6016,0.5537
2011-02-12,0.6117,0.5705
2011-02-13,0.6117,0.5705
2011-02-14,0.6179,0.5804
2011-02-15,0.6291,0.5989
2011-02-16,0.6235,0.5842
2011-02-17,0.6134,0.5744
2011-02-18,0.6091,0.568
2011-02-19,0.6091,0.568
2011-02-20,0.6119,0.5719
2011-02-21,0.6192,0.578
2011-02-22,0.6191,0.5815
2011-02-23,0.6191,0.5815
2011-02-24,0.6396,0.6048
2011-02-25,0.6396,0.6048
2011-02-26,0.627,0.5911
2011-02-27,0.5963,0.5613
2011-02-28,0.578,0.5475
2011-03-01,0.5871,0.5592
2011-03-02,0.5871,0.5592
2011-03-03,0.5884,0.5624
2011-03-04,0.5948,0.5683
2011-03-05,0.6013,0.5758
2011-03-06,0.5945,0.5663
2011-03-07,0.5948,0.5695
2011-03-08,0.5925,0.5672
2011-03-09,0.5724,0.5504
2011-03-10,0.5549,0.5355
2011-03-11,0.5549,0.5355
2011-03-12,0.5549,0.5355
2011-03-13,0.5585,0.5385
2011-03-14,0.5624,0.5419
2011-03-15,0.5624,0.5419
2011-03-16,0.5626,0.5431
2011-03-17,0.5615,0.5424
2011-03-18,0.568,0.5473
2011-03-19,0.577,0.5404
2011-03-20,0.5824,0.5442
2011-03-21,0.5694,0.5529
2011-03-22,0.5694,0.5529
2011-03-23,0.5617,0.5392
2011-03-24,0.5514,0.5309
2011-03-25,0.5514,0.5309
2011-03-26,0.5599,0.5395
2011-03-27,0.5498,0.5282
2011-03-28,0.5566,0.5342
2011-03-29,0.556,0.5362
2011-03-30,0.5683,0.5486
2011-03-31,0.5683,0.5486
2011-04-01,0.5683,0.5486
2011-04-02,0.5639,0.5446
2011-04-03,0.5639,0.5446
2011-04-04,0.5578,0.5281
2011-04-05,0.568,0.5454
2011-04-06,0.5649,0.545
2011-04-07,0.5492,0.5282
2011-04-08,0.5566,0.5337
2011-04-09,0.559,0.5359
2011-04-10,0.5439,0.5202
2011-04-11,0.5412,0.5163
2011-04-12,0.5493,0.52
2011-04-13,0.5555,0.5278
2011-04-14,0.5555,0.5278
2011-04-15,0.5453,0.519
2011-04-16,0.5493,0.5199
2011-04-17,0.5518,0.5242
2011-04-18,0.5649,0.5215
2011-04-19,0.5555,0.5132
2011-04-20,0.5417,0.5026
2011-04-21,0.5372,0.4989
2011-04-22,0.5535,0.5182
2011-04-23,0.5513,0.4769
2011-04-24,0.5513,0.4769
2011-04-25,0.5363,0.4663
2011-04-26,0.5685,0.4914
2011-04-27,0.555,0.4845
2011-04-28,0.5695,0.4948
2011-04-29,0.5726,0.4958
2011-04-30,0.5628,0.488
2011-05-01,0.5436,0.4798
2011-05-02,0.5532,0.5047
2011-05-03,0.5532,0.5047
2011-05-04,0.5586,0.5094
2011-05-05,0.5678,0.5163
2011-05-06,0.5723,0.5262
2011-05-07,0.5908,0.5483
2011-05-08,0.5909,0.5442
2011-05-09,0.5975,0.5585
2011-05-10,0.6117,0.5732
2011-05-11,0.6162,0.5795
2011-05-12,0.6005,0.5671
2011-05-13,0.6005,0.5671
2011-05-14,0.6005,0.5671
2011-05-15,0.6119,0.5916
2011-05-16,0.6204,0.5993
2011-05-17,0.6399,0.6137
2011-05-18,0.6441,0.6218
2011-05-19,0.6363,0.6169
2011-05-20,0.6176,0.5999
2011-05-21,0.6231,0.6055
2011-05-22,0.6231,0.6055
2011-05-23,0.6276,0.6116
2011-05-24,0.6276,0.6116
2011-05-25,0.6301,0.617
2011-05-26,0.6194,0.6055
2011-05-27,0.6199,0.6048
2011-05-28,0.6088,0.5937
2011-05-29,0.6063,0.5914
2011-05-30,0.6077,0.5902
2011-05-31,0.6301,0.6067
2011-06-01,0.6212,0.5953
2011-06-02,0.6212,0.5953
2011-06-03,0.6227,0.602
2011-06-04,0.6202,0.6076
2011-06-05,0.6242,0.6102
2011-06-06,0.6294,0.6145
2011-06-07,0.6234,0.6092
2011-06-08,0.6173,0.5981
2011-06-09,0.6031,0.5857
2011-06-10,0.6031,0.5857
2011-06-11,0.6091,0.587
2011-06-12,0.5975,0.5696
2011-06-13,0.6075,0.5752
2011-06-14,0.6054,0.5704
2011-06-15,0.6028,0.5755
2011-06-16,0.6225,0.5982
2011-06-17,0.6216,0.597
2011-06-18,0.6106,0.5865
2011-06-19,0.6221,0.594
2011-06-20,0.6165,0.5884
2011-06-21,0.598,0.5757
2011-06-22,0.5954,0.5676
2011-06-23,0.5909,0.5649
2011-06-24,0.5802,0.5526
2011-06-25,0.5629,0.5378
2011-06-26,0.5535,0.5321
2011-06-27,0.5623,0.54
2011-06-28,0.5696,0.5455
2011-06-29,0.5795,0.5533
2011-06-30,0.5716,0.5476
2011-07-01,0.5777,0.553
2011-07-02,0.5777,0.553
2011-07-03,0.5758,0.5418
2011-07-04,0.5801,0.5459
2011-07-05,0.5801,0.5459
2011-07-06,0.5734,0.5392
2011-07-07,0.5852,0.5458
2011-07-08,0.5794,0.545
2011-07-09,0.5846,0.5541
2011-07-10,0.5749,0.5457
2011-07-11,0.5629,0.5208
2011-07-12,0.5668,0.5223
2011-07-13,0.5717,0.5278
2011-07-14,0.5821,0.5437
2011-07-15,0.5821,0.5437
2011-07-16,0.581,0.5401
2011-07-17,0.5879,0.5461
2011-07-18,0.5892,0.5502
2011-07-19,0.5927,0.5544
2011-07-20,0.6006,0.5602
2011-07-21,0.5978,0.5601
2011-07-22,0.5892,0.5404
2011-07-23,0.5985,0.5524
2011-07-24,0.6059,0.5592
2011-07-25,0.5976,0.5491
2011-07-26,0.6105,0.5552
2011-07-27,0.591,0.5375
2011-07-28,0.591,0.5375
2011-07-29,0.5572,0.5038
2011-07-30,0.5762,0.5319
2011-07-31,0.5601,0.52
2011-08-01,0.5545,0.5129
2011-08-02,0.5696,0.531
2011-08-03,0.5751,0.5359
2011-08-04,0.5751,0.5359
2011-08-05,0.5813,0.5427
2011-08-06,0.5702,0.5262
2011-08-07,0.5726,0.5262
2011-08-08,0.5676,0.5181
2011-08-09,0.5663,0.5241
2011-08-10,0.5778,0.5324
2011-08-11,0.5778,0.5324
2011-08-12,0.5747,0.5498
2011-08-13,0.5869,0.5581
2011-08-14,0.5778,0.5503
2011-08-15,0.5646,0.5399
2011-08-16,0.5604,0.5483
2011-08-17,0.5604,0.5483
2011-08-18,0.5604,0.5483
2011-08-19,0.5476,0.5357
2011-08-20,0.5476,0.5357
2011-08-21,0.5479,0.5338
2011-08-22,0.5479,0.534
2011-08-23,0.5531,0.5415
2011-08-24,0.5531,0.5415
2011-08-25,0.5467,0.5354
2011-08-26,0.5527,0.5359
2011-08-27,0.5464,0.53
2011-08-28,0.5315,0.506
2011-08-29,0.5446,0.5168
2011-08-30,0.5479,0.5255
2011-08-31,0.5616,0.5457
2011-09-01,0.5478,0.5261
2011-09-02,0.5591,0.5364
2011-09-03,0.5479,0.5285
2011-09-04,0.5479,0.5285
2011-09-05,0.5686,0.545
2011-09-06,0.5919,0.5589
2011-09-07,0.5934,0.5585
2011-09-08,0.579,0.5519
2011-09-09,0.5755,0.55
2011-09-10,0.5755,0.55
2011-09-11,0.5833,0.5599
2011-09-12,0.6054,0.572
2011-09-13,0.6246,0.5922
2011-09-14,0.6386,0.6044
2011-09-15,0.6564,0.5999
2011-09-16,0.6564,0.5999
2011-09-17,0.6424,0.5942
2011-09-18,0.6401,0.6002
2011-09-19,0.624,0.5855
2011-09-20,0.616,0.5712
2011-09-21,0.6226,0.5781
2011-09-22,0.6217,0.5752
2011-09-23,0.6136,0.5622
2011-09-24,0.5979,0.5358
2011-09-25,0.6031,0.5412
2011-09-26,0.6031,0.5412
2011-09-27,0.6153,0.5609
2011-09-28,0.6153,0.5609
2011-09-29,0.6373,0.5777
2011-09-30,0.6373,0.5647
2011-10-01,0.6441,0.5719
2011-10-02,0.6441,0.5719
2011-10-03,0.6571,0.5768
2011-10-04,0.6571,0.5768
2011-10-05,0.6571,0.5768
2011-10-06,0.6571,0.5768
2011-10-07,0.6571,0.5768
2011-10-08,0.6689,0.5846
2011-10-09,0.6763,0.5883
2011-10-10,0.6763,0.5883
2011-10-11,0.6561,0.5956
2011-10-12,0.6561,0.5956
2011-10-13,0.6561,0.5956
2011-10-14,0.6561,0.5956
2011-10-15,0.6561,0.5956
2011-10-16,0.6561,0.5956
2011-10-17,0.6622,0.6002
2011-10-18,0.6801,0.6198
2011-10-19,0.7087,0.6264
2011-10-20,0.7134,0.6299
2011-10-21,0.7134,0.6299
2011-10-22,0.7178,0.6319
2011-10-23,0.7426,0.6452
2011-10-24,0.7581,0.6556
2011-10-25,0.7507,0.6533
2011-10-26,0.7698,0.6505
2011-10-27,0.7518,0.6432
2011-10-28,0.7518,0.6432
2011-10-29,0.693,0.6108
2011-10-30,0.6937,0.6566
2011-10-31,0.7147,0.6756
2011-11-01,0.7147,0.6756
2011-11-02,0.7147,0.6756
2011-11-03,0.7147,0.6756
2011-11-04,0.7387,0.6756
2011-11-05,0.7175,0.6507
2011-11-06,0.7955,0.6341
2011-11-07,0.7955,0.6341
2011-11-08,0.7955,0.6341
2011-11-09,0.7955,0.6341
2011-11-10,0.7955,0.6341
2011-11-11,0.7955,0.6341
2011-11-12,0.7813,0.6192
2011-11-13,0.7365,0.6305
2011-11-14,0.7365,0.6305
2011-11-15,0.7208,0.6151
2011-11-16,0.7208,0.6151
2011-11-17,0.7208,0.6151
2011-11-18,0.673,0.6166
2011-11-19,0.6684,0.6191
2011-11-20,0.6452,0.6019
2011-11-21,0.6452,0.6019
2011-11-22,0.6624,0.6109
2011-11-23,0.6594,0.6168
2011-11-24,0.6569,0.6136
2011-11-25,0.6569,0.6136
2011-11-26,0.6519,0.611
2011-11-27,0.6345,0.5978
2011-11-28,0.6302,0.5994
2011-11-29,0.6302,0.5994
2011-11-30,0.6274,0.5956
2011-12-01,0.6203,0.5902
2011-12-02,0.6078,0.5791
2011-12-03,0.6078,0.5791
2011-12-04,0.6107,0.5795
2011-12-05,0.6255,0.5897
2011-12-06,0.6427,0.5887
2011-12-07,0.6208,0.5744
2011-12-08,0.6078,0.5689
2011-12-09,0.6078,0.5689
2011-12-10,0.6192,0.5768
2011-12-11,0.6085,0.5668
2011-12-12,0.5945,0.5596
2011-12-13,0.6041,0.5716
2011-12-14,0.6041,0.5716
2011-12-15,0.6221,0.5877
2011-12-16,0.6221,0.5877
2011-12-17,0.6144,0.583
2011-12-18,0.6196,0.5946
2011-12-19,0.6217,0.6036
2011-12-20,0.6127,0.5917
2011-12-21,0.6127,0.5917
2011-12-22,0.6177,0.5983
2011-12-23,0.6185,0.5913
2011-12-24,0.6324,0.6101
2011-12-25,0.6199,0.6018
2011-12-26,0.6215,0.6026
2011-12-27,0.6287,0.6094
2011-12-28,0.6315,0.6122
2011-12-29,0.6164,0.5996
2011-12-30,0.6132,0.595
2011-12-31,0.6223,0.6037
2012-01-01,0.6282,0.6157
2012-01-02,0.6155,0.6026
2012-01-03,0.6101,0.597
2012-01-04,0.6035,0.5906
2012-01-05,0.6003,0.5842
2012-01-06,0.5923,0.575
2012-01-07,0.5641,0.5411
2012-01-08,0.5641,0.5411
2012-01-09,0.5599,0.5341
2012-01-10,0.5769,0.5384
2012-01-11,0.5832,0.5425
2012-01-12,0.5709,0.5375
2012-01-13,0.5709,0.5375
2012-01-14,0.5516,0.519
2012-01-15,0.5386,0.5086
2012-01-16,0.5442,0.5134
2012-01-17,0.5442,0.5134
2012-01-18,0.5442,0.5134
2012-01-19,0.5735,0.5459
2012-01-20,0.5703,0.5402
2012-01-21,0.582,0.559
2012-01-22,0.582,0.559
2012-01-23,0.582,0.559
2012-01-24,0.5832,0.5619
2012-01-25,0.5832,0.5619
2012-01-26,0.5742,0.5492
2012-01-27,0.5775,0.5543
2012-01-28,0.5855,0.563
2012-01-29,0.5934,0.57
2012-01-30,0.6115,0.5863
2012-01-31,0.6256,0.5954
2012-02-01,0.6172,0.5939
2012-02-02,0.6239,0.6072
2012-02-03,0.6253,0.6003
2012-02-04,0.625,0.6014
2012-02-05,0.6228,0.6082
2012-02-06,0.6218,0.607
2012-02-07,0.6182,0.6056
2012-02-08,0.6135,0.5998
2012-02-09,0.6135,0.5998
2012-02-10,0.6097,0.5952
2012-02-11,0.6151,0.6028
2012-02-12,0.6104,0.5981
2012-02-13,0.6161,0.6043
2012-02-14,0.6212,0.609
2012-02-15,0.6114,0.5985
2012-02-16,0.6114,0.5985
2012-02-17,0.6114,0.5985
2012-02-18,0.6079,0.585
2012-02-19,0.6235,0.5989
2012-02-20,0.6235,0.5989
2012-02-21,0.6235,0.5989
2012-02-22,0.6235,0.5989
2012-02-23,0.6301,0.6035
2012-02-24,0.6301,0.6035
2012-02-25,0.6371,0.5955
2012-02-26,0.6381,0.5988
2012-02-27,0.6381,0.5988
2012-02-28,0.6381,0.5988
2012-02-29,0.6565,0.5892
2012-03-01,0.6565,0.5892
2012-03-02,0.6565,0.5892
2012-03-03,0.6639,0.5769
2012-03-04,0.6487,0.5716
2012-03-05,0.6472,0.5727
2012-03-06,0.6472,0.5727
2012-03-07,0.6179,0.5414
2012-03-08,0.6592,0.5586
2012-03-09,0.659,0.5721
2012-03-10,0.6539,0.5678
2012-03-11,0.6627,0.5734
2012-03-12,0.6681,0.5951
2012-03-13,0.6824,0.6088
2012-03-14,0.6769,0.6022
2012-03-15,0.6657,0.6044
2012-03-16,0.6776,0.5812
2012-03-17,0.6776,0.5812
2012-03-18,0.6776,0.5812
2012-03-19,0.6832,0.5858
2012-03-20,0.6924,0.5921
2012-03-21,0.6809,0.6053
2012-03-22,0.6356,0.5855
2012-03-23,0.6274,0.5721
2012-03-24,0.6151,0.5615
2012-03-25,0.6075,0.554
2012-03-26,0.6056,0.5482
2012-03-27,0.6027,0.5461
2012-03-28,0.5901,0.5356
2012-03-29,0.5796,0.5273
2012-03-30,0.5707,0.5208
2012-03-31,0.5484,0.5161
2012-04-01,0.5469,0.5155
2012-04-02,0.5384,0.5095
2012-04-03,0.5442,0.5152
2012-04-04,0.5423,0.514
2012-04-05,0.5523,0.5304
2012-04-06,0.5605,0.5358
2012-04-07,0.5617,0.54
2012-04-08,0.5584,0.5393
2012-04-09,0.558,0.5366
2012-04-10,0.5498,0.5318
2012-04-11,0.5498,0.5318
2012-04-12,0.5498,0.5318
2012-04-13,0.5525,0.5342
2012-04-14,0.5547,0.5359
2012-04-15,0.5345,0.5131
2012-04-16,0.5319,0.5098
2012-04-17,0.5319,0.5098
2012-04-18,0.5319,0.5098
2012-04-19,0.5319,0.5098
2012-04-20,0.5181,0.4998
2012-04-21,0.5366,0.5062
2012-04-22,0.5358,0.505
2012-04-23,0.5392,0.5081
2012-04-24,0.5308,0.5027
2012-04-25,0.5331,0.5061
2012-04-26,0.5173,0.4933
2012-04-27,0.5262,0.4994
2012-04-28,0.529,0.4987
2012-04-29,0.5325,0.5027
2012-04-30,0.5168,0.4879
2012-05-01,0.5228,0.4964
2012-05-02,0.5001,0.4736
2012-05-03,0.492,0.4624
2012-05-04,0.4994,0.4726
2012-05-05,0.4843,0.4478
2012-05-06,0.4809,0.4448
2012-05-07,0.4807,0.4442
2012-05-08,0.4804,0.4434
2012-05-09,0.4857,0.4498
2012-05-10,0.4929,0.4557
2012-05-11,0.4662,0.4258
2012-05-12,0.4574,0.4197
2012-05-13,0.462,0.4213
2012-05-14,0.4747,0.4415
2012-05-15,0.499,0.4604
2012-05-16,0.4926,0.4334
2012-05-17,0.4881,0.4451
2012-05-18,0.5027,0.4806
2012-05-19,0.4983,0.4772
2012-05-20,0.505,0.481
2012-05-21,0.5017,0.478
2012-05-22,0.4942,0.4712
2012-05-23,0.4912,0.4665
2012-05-24,0.498,0.4715
2012-05-25,0.5056,0.4781
2012-05-26,0.509,0.483
2012-05-27,0.5107,0.4842
2012-05-28,0.513,0.4853
2012-05-29,0.5037,0.4782
2012-05-30,0.5043,0.4789
2012-05-31,0.5185,0.4911
2012-06-01,0.5386,0.5013
2012-06-02,0.5356,0.4974
2012-06-03,0.5237,0.4898
2012-06-04,0.5218,0.4885
2012-06-05,0.5315,0.4964
2012-06-06,0.5301,0.4966
2012-06-07,0.5299,0.4995
2012-06-08,0.5258,0.4967
2012-06-09,0.5245,0.5026
2012-06-10,0.5279,0.5063
2012-06-11,0.518,0.4965
2012-06-12,0.5106,0.4883
2012-06-13,0.5078,0.4871
2012-06-14,0.4992,0.479
2012-06-15,0.4845,0.4602
2012-06-16,0.4919,0.4671
2012-06-17,0.4846,0.4509
2012-06-18,0.4852,0.452
2012-06-19,0.4878,0.4531
2012-06-20,0.518,0.4747
2012-06-21,0.5372,0.4827
2012-06-22,0.5377,0.4833
2012-06-23,0.5377,0.4833
2012-06-24,0.4955,0.4563
2012-06-25,0.4955,0.4563
2012-06-26,0.5081,0.4761
2012-06-27,0.5078,0.4806
2012-06-28,0.5311,0.5118
2012-06-29,0.5349,0.5147
2012-06-30,0.5349,0.5147
2012-07-01,0.5358,0.5132
2012-07-02,0.5406,0.5165
2012-07-03,0.5382,0.513
2012-07-04,0.5513,0.5268
2012-07-05,0.5462,0.5204
2012-07-06,0.5523,0.5253
2012-07-07,0.5681,0.5465
2012-07-08,0.5873,0.5667
2012-07-09,0.5889,0.5667
2012-07-10,0.5879,0.5652
2012-07-11,0.589,0.5654
2012-07-12,0.5764,0.5457
2012-07-13,0.5768,0.5348
2012-07-14,0.5786,0.5368
2012-07-15,0.5901,0.5411
2012-07-16,0.6022,0.5516
2012-07-17,0.6022,0.5516
2012-07-18,0.6039,0.5612
2012-07-19,0.6039,0.5612
2012-07-20,0.602,0.5577
2012-07-21,0.6117,0.5638
2012-07-22,0.6179,0.5722
2012-07-23,0.6179,0.5722
2012-07-24,0.6294,0.5871
2012-07-25,0.6184,0.5758
2012-07-26,0.6214,0.5675
2012-07-27,0.6231,0.5777
2012-07-28,0.6343,0.5688
2012-07-29,0.6427,0.5818
2012-07-30,0.628,0.5747
2012-07-31,0.63,0.5807
2012-08-01,0.63,0.5807
2012-08-02,0.6193,0.5788
2012-08-03,0.6193,0.5788
2012-08-04,0.6136,0.5758
2012-08-05,0.652,0.5934
2012-08-06,0.664,0.5831
2012-08-07,0.6436,0.5699
2012-08-08,0.6394,0.5673
2012-08-09,0.6225,0.5574
2012-08-10,0.6225,0.5574
2012-08-11,0.5981,0.5451
2012-08-12,0.597,0.5638
2012-08-13,0.5944,0.5641
2012-08-14,0.6096,0.5831
2012-08-15,0.6225,0.5934
2012-08-16,0.6149,0.5852
2012-08-17,0.6134,0.5825
2012-08-18,0.6081,0.5764
2012-08-19,0.6177,0.5915
2012-08-20,0.6177,0.5915
2012-08-21,0.6217,0.5943
2012-08-22,0.6217,0.5943
2012-08-23,0.6336,0.6021
2012-08-24,0.6439,0.6155
2012-08-25,0.6318,0.608
2012-08-26,0.6525,0.6145
2012-08-27,0.6525,0.6145
2012-08-28,0.6525,0.6145
2012-08-29,0.6408,0.6037
2012-08-30,0.6408,0.6037
2012-08-31,0.6361,0.6117
2012-09-01,0.6361,0.6117
2012-09-02,0.6361,0.6117
2012-09-03,0.6361,0.6117
2012-09-04,0.6303,0.6037
2012-09-05,0.6303,0.6037
2012-09-06,0.6324,0.5949
2012-09-07,0.6508,0.6145
2012-09-08,0.6508,0.6145
2012-09-09,0.6433,0.586
2012-09-10,0.6668,0.6027
2012-09-11,0.6727,0.5876
2012-09-12,0.6646,0.5935
2012-09-13,0.6545,0.5707
2012-09-14,0.6614,0.5809
2012-09-15,0.6601,0.5793
2012-09-16,0.6658,0.5755
2012-09-17,0.6654,0.5773
2012-09-18,0.667,0.576
2012-09-19,0.6565,0.5623
2012-09-20,0.6565,0.5623
2012-09-21,0.6343,0.5659
2012-09-22,0.6343,0.5659
2012-09-23,0.6241,0.5538
2012-09-24,0.6345,0.5602
2012-09-25,0.6363,0.5707
2012-09-26,0.629,0.5675
2012-09-27,0.629,0.5675
2012-09-28,0.6384,0.5728
2012-09-29,0.6286,0.5668
2012-09-30,0.5983,0.5589
2012-10-01,0.5833,0.5479
2012-10-02,0.5783,0.5436
2012-10-03,0.5675,0.5341
2012-10-04,0.5631,0.5301
2012-10-05,0.5631,0.5301
2012-10-06,0.5589,0.5252
2012-10-07,0.5589,0.5252
2012-10-08,0.5444,0.4986
2012-10-09,0.5497,0.502
2012-10-10,0.5352,0.4894
2012-10-11,0.5523,0.5033
2012-10-12,0.5536,0.5063
2012-10-13,0.5494,0.5008
2012-10-14,0.5434,0.5001
2012-10-15,0.5434,0.5001
2012-10-16,0.5644,0.4949
2012-10-17,0.5691,0.5014
2012-10-18,0.5691,0.5014
2012-10-19,0.565,0.4973
2012-10-20,0.5431,0.4873
2012-10-21,0.5476,0.4993
2012-10-22,0.5476,0.4993
2012-10-23,0.5543,0.5177
2012-10-24,0.5483,0.5121
2012-10-25,0.5534,0.5131
2012-10-26,0.5584,0.5168
2012-10-27,0.5584,0.5168
2012-10-28,0.5554,0.5057
2012-10-29,0.5538,0.5059
2012-10-30,0.5588,0.5309
2012-10-31,0.5722,0.5408
2012-11-01,0.5799,0.5497
2012-11-02,0.5817,0.5355
2012-11-03,0.5832,0.5387
2012-11-04,0.579,0.5385
2012-11-05,0.5786,0.5407
2012-11-06,0.5786,0.5407
2012-11-07,0.5903,0.5606
2012-11-08,0.5835,0.5546
2012-11-09,0.5835,0.5546
2012-11-10,0.5835,0.5546
2012-11-11,0.5865,0.553
2012-11-12,0.5772,0.5347
2012-11-13,0.583,0.5544
2012-11-14,0.5737,0.5456
2012-11-15,0.5671,0.54
2012-11-16,0.5715,0.5413
2012-11-17,0.5715,0.5413
2012-11-18,0.5738,0.5452
2012-11-19,0.5635,0.5205
2012-11-20,0.5775,0.5274
2012-11-21,0.5978,0.5279
2012-11-22,0.5989,0.5315
2012-11-23,0.6001,0.535
2012-11-24,0.6055,0.5398
2012-11-25,0.6035,0.5366
2012-11-26,0.6035,0.5366
2012-11-27,0.6111,0.546
2012-11-28,0.62,0.5528
2012-11-29,0.6167,0.55
2012-11-30,0.6035,0.5397
2012-12-01,0.5993,0.5371
2012-12-02,0.5934,0.5323
2012-12-03,0.6052,0.5426
2012-12-04,0.6012,0.5394
2012-12-05,0.5835,0.5278
2012-12-06,0.5835,0.5278
2012-12-07,0.5957,0.5389
2012-12-08,0.6003,0.543
2012-12-09,0.5883,0.5339
2012-12-10,0.5774,0.5243
2012-12-11,0.5742,0.5221
2012-12-12,0.5826,0.5275
2012-12-13,0.5871,0.5318
2012-12-14,0.5817,0.526
2012-12-15,0.5881,0.5308
2012-12-16,0.6029,0.5574
2012-12-17,0.6029,0.5574
2012-12-18,0.6106,0.5523
2012-12-19,0.6087,0.5531
2012-12-20,0.6119,0.5818
2012-12-21,0.6204,0.5878
2012-12-22,0.6375,0.5845
2012-12-23,0.619,0.5803
2012-12-24,0.6034,0.5813
2012-12-25,0.6033,0.5816
2012-12-26,0.6033,0.5816
2012-12-27,0.5975,0.5757
2012-12-28,0.5975,0.5757
2012-12-29,0.5988,0.5776
2012-12-30,0.5951,0.5734
2012-12-31,0.5782,0.552
2013-01-01,0.561,0.5335
2013-01-02,0.5666,0.5401
2013-01-03,0.5594,0.5266
2013-01-04,0.5637,0.5317
2013-01-05,0.5637,0.5317
2013-01-06,0.5661,0.5328
2013-01-07,0.5788,0.5514
2013-01-08,0.5708,0.5401
2013-01-09,0.5911,0.5646
2013-01-10,0.5983,0.5695
2013-01-11,0.5975,0.5666
2013-01-12,0.5779,0.546
2013-01-13,0.5909,0.5219
2013-01-14,0.5919,0.5227
2013-01-15,0.5853,0.5088
2013-01-16,0.5689,0.4928
2013-01-17,0.585,0.5045
2013-01-18,0.5806,0.5013
2013-01-19,0.5606,0.4878
2013-01-20,0.5606,0.4878
2013-01-21,0.552,0.4819
2013-01-22,0.5703,0.5025
2013-01-23,0.5769,0.4915
2013-01-24,0.5658,0.4834
2013-01-25,0.5439,0.4858
2013-01-26,0.5415,0.4822
2013-01-27,0.545,0.494
2013-01-28,0.5521,0.4989
2013-01-29,0.5656,0.5153
2013-01-30,0.5714,0.5181
2013-01-31,0.5759,0.5235
2013-02-01,0.5759,0.5235
2013-02-02,0.5759,0.5235
2013-02-03,0.572,0.5209
2013-02-04,0.5544,0.5096
2013-02-05,0.5653,0.5181
2013-02-06,0.5795,0.5236
2013-02-07,0.5832,0.5283
2013-02-08,0.5931,0.5332
2013-02-09,0.589,0.5271
2013-02-10,0.5965,0.5284
2013-02-11,0.6004,0.5563
2013-02-12,0.6081,0.5597
2013-02-13,0.6118,0.5631
2013-02-14,0.5944,0.5534
2013-02-15,0.5952,0.5531
2013-02-16,0.5864,0.5452
2013-02-17,0.5823,0.5343
2013-02-18,0.5985,0.5533
2013-02-19,0.5857,0.5417
2013-02-20,0.5872,0.5404
2013-02-21,0.582,0.5336
2013-02-22,0.5834,0.536
2013-02-23,0.5786,0.5263
2013-02-24,0.5655,0.5131
2013-02-25,0.5634,0.5116
2013-02-26,0.5692,0.5211
2013-02-27,0.5518,0.5108
2013-02-28,0.5444,0.5055
2013-03-01,0.5444,0.5055
2013-03-02,0.5582,0.5178
2013-03-03,0.5582,0.5178
2013-03-04,0.5582,0.5178
2013-03-05,0.576,0.5275
2013-03-06,0.6075,0.5464
2013-03-07,0.5897,0.535
2013-03-08,0.5554,0.5123
2013-03-09,0.5617,0.5173
2013-03-10,0.5455,0.5047
2013-03-11,0.5527,0.5097
2013-03-12,0.5454,0.5045
2013-03-13,0.5468,0.5068
2013-03-14,0.5426,0.505
2013-03-15,0.5512,0.5134
2013-03-16,0.5585,0.5235
2013-03-17,0.5433,0.507
2013-03-18,0.5451,0.5049
2013-03-19,0.5233,0.4809
2013-03-20,0.5167,0.4638
2013-03-21,0.5229,0.4755
2013-03-22,0.5388,0.4924
2013-03-23,0.5432,0.4993
2013-03-24,0.559,0.5149
2013-03-25,0.5692,0.5153
2013-03-26,0.5581,0.4939
2013-03-27,0.5488,0.4819
2013-03-28,0.5466,0.4773
2013-03-29,0.5592,0.4974
2013-03-30,0.5547,0.4949
2013-03-31,0.5547,0.4949
2013-04-01,0.5547,0.4949
2013-04-02,0.5547,0.4949
2013-04-03,0.5377,0.4816
2013-04-04,0.5264,0.4751
2013-04-05,0.5162,0.465
2013-04-06,0.5296,0.4729
2013-04-07,0.5452,0.4674
2013-04-08,0.5452,0.4674
2013-04-09,0.5675,0.4831
2013-04-10,0.564,0.484
2013-04-11,0.5683,0.4841
2013-04-12,0.5826,0.489
2013-04-13,0.5792,0.4861
2013-04-14,0.5725,0.4814
2013-04-15,0.5642,0.4766
2013-04-16,0.5584,0.4745
2013-04-17,0.5679,0.4807
2013-04-18,0.5697,0.4894
2013-04-19,0.5761,0.472
2013-04-20,0.5664,0.4617
2013-04-21,0.5544,0.4646
2013-04-22,0.5539,0.472
2013-04-23,0.5469,0.4733
2013-04-24,0.558,0.4989
2013-04-25,0.5483,0.5005
2013-04-26,0.5487,0.5082
2013-04-27,0.5483,0.5072
2013-04-28,0.5613,0.5145
2013-04-29,0.5746,0.5215
2013-04-30,0.564,0.5203
2013-05-01,0.564,0.5203
2013-05-02,0.564,0.5203
2013-05-03,0.5731,0.5245
2013-05-04,0.5611,0.5094
2013-05-05,0.5769,0.5227
2013-05-06,0.5769,0.5227
2013-05-07,0.5699,0.5366
2013-05-08,0.5699,0.5366
2013-05-09,0.5699,0.5366
2013-05-10,0.5687,0.5384
2013-05-11,0.5687,0.5384
2013-05-12,0.5658,0.5321
2013-05-13,0.5755,0.5419
2013-05-14,0.5733,0.5412
2013-05-15,0.5651,0.5316
2013-05-16,0.5732,0.5359
2013-05-17,0.5732,0.5359
2013-05-18,0.581,0.5506
2013-05-19,0.5873,0.5524
2013-05-20,0.5935,0.5599
2013-05-21,0.5983,0.5734
2013-05-22,0.6046,0.5777
2013-05-23,0.603,0.5726
2013-05-24,0.6072,0.5717
2013-05-25,0.5975,0.5683
2013-05-26,0.6119,0.5813
2013-05-27,0.6105,0.5776
2013-05-28,0.6105,0.5776
2013-05-29,0.6151,0.5865
2013-05-30,0.6326,0.6116
2013-05-31,0.6253,0.6065
2013-06-01,0.6246,0.6122
2013-06-02,0.6246,0.6122
2013-06-03,0.6291,0.6186
2013-06-04,0.6145,0.6048
2013-06-05,0.6027,0.5921
2013-06-06,0.6,0.5846
2013-06-07,0.5977,0.5794
2013-06-08,0.5876,0.5714
2013-06-09,0.5969,0.5821
2013-06-10,0.5969,0.5821
2013-06-11,0.5795,0.5648
2013-06-12,0.5659,0.5452
2013-06-13,0.5698,0.548
2013-06-14,0.5573,0.5352
2013-06-15,0.5457,0.5163
2013-06-16,0.543,0.5089
2013-06-17,0.5421,0.5075
2013-06-18,0.5537,0.5247
2013-06-19,0.5582,0.5198
2013-06-20,0.5798,0.5321
2013-06-21,0.5746,0.5309
2013-06-22,0.5705,0.5131
2013-06-23,0.5705,0.5131
2013-06-24,0.5826,0.5181
2013-06-25,0.5826,0.5181
2013-06-26,0.5636,0.5163
2013-06-27,0.5636,0.5163
2013-06-28,0.552,0.499
2013-06-29,0.551,0.5011
2013-06-30,0.5503,0.4994
2013-07-01,0.5567,0.5036
2013-07-02,0.5441,0.4921
2013-07-03,0.5529,0.4982
2013-07-04,0.5614,0.5039
2013-07-05,0.5516,0.4973
2013-07-06,0.535,0.4893
2013-07-07,0.5228,0.4774
2013-07-08,0.5255,0.4765
2013-07-09,0.5335,0.4858
2013-07-10,0.5335,0.4858
2013-07-11,0.545,0.4965
2013-07-12,0.5376,0.466
2013-07-13,0.5339,0.4628
2013-07-14,0.5317,0.4688
2013-07-15,0.5317,0.4725
2013-07-16,0.5361,0.4768
2013-07-17,0.5388,0.4839
2013-07-18,0.5406,0.4834
2013-07-19,0.5536,0.4973
2013-07-20,0.5655,0.5066
2013-07-21,0.5726,0.5169
2013-07-22,0.5832,0.5268
2013-07-23,0.5832,0.5268
2013-07-24,0.6059,0.5451
2013-07-25,0.6059,0.5451
2013-07-26,0.6096,0.5584
2013-07-27,0.6104,0.5464
2013-07-28,0.5914,0.56
2013-07-29,0.5925,0.5589
2013-07-30,0.5747,0.5459
2013-07-31,0.567,0.5385
2013-08-01,0.5538,0.5253
2013-08-02,0.5677,0.542
2013-08-03,0.552,0.5225
2013-08-04,0.5594,0.5282
2013-08-05,0.5495,0.5212
2013-08-06,0.5313,0.4932
2013-08-07,0.5364,0.4993
2013-08-08,0.5315,0.4931
2013-08-09,0.5315,0.4931
2013-08-10,0.5315,0.4931
2013-08-11,0.5398,0.5015
2013-08-12,0.5501,0.5191
2013-08-13,0.5705,0.5332
2013-08-14,0.555,0.519
2013-08-15,0.552,0.515
2013-08-16,0.5417,0.5072
2013-08-17,0.5471,0.5156
2013-08-18,0.5533,0.5204
2013-08-19,0.5533,0.5204
2013-08-20,0.5419,0.5123
2013-08-21,0.542,0.5116
2013-08-22,0.523,0.4995
2013-08-23,0.528,0.5104
2013-08-24,0.5167,0.5006
2013-08-25,0.5167,0.5006
2013-08-26,0.5361,0.5198
2013-08-27,0.5382,0.5221
2013-08-28,0.5308,0.5141
2013-08-29,0.5308,0.5141
2013-08-30,0.5313,0.514
2013-08-31,0.5241,0.5058
2013-09-01,0.5266,0.5083
2013-09-02,0.5244,0.504
2013-09-03,0.5293,0.5069
2013-09-04,0.5448,0.5293
2013-09-05,0.565,0.5434
2013-09-06,0.5664,0.5471
2013-09-07,0.5718,0.5508
2013-09-08,0.5718,0.5508
2013-09-09,0.5498,0.5348
2013-09-10,0.5449,0.5306
2013-09-11,0.561,0.5453
2013-09-12,0.545,0.5275
2013-09-13,0.5555,0.5368
2013-09-14,0.5648,0.5451
2013-09-15,0.5749,0.5518
2013-09-16,0.5743,0.5519
2013-09-17,0.5831,0.5578
2013-09-18,0.5633,0.5432
2013-09-19,0.5795,0.5599
2013-09-20,0.5765,0.5553
2013-09-21,0.5874,0.5647
2013-09-22,0.5775,0.5545
2013-09-23,0.5763,0.548
2013-09-24,0.5811,0.5517
2013-09-25,0.5787,0.5605
2013-09-26,0.5776,0.5568
2013-09-27,0.6006,0.5863
2013-09-28,0.6006,0.5863
2013-09-29,0.6004,0.5854
2013-09-30,0.6176,0.5986
2013-10-01,0.6091,0.5909
2013-10-02,0.6195,0.5963
2013-10-03,0.6195,0.5963
2013-10-04,0.6269,0.589
2013-10-05,0.6209,0.5824
2013-10-06,0.6299,0.588
2013-10-07,0.6294,0.5916
2013-10-08,0.6294,0.5916
2013-10-09,0.6459,0.6124
2013-10-10,0.6581,0.6189
2013-10-11,0.6581,0.6189
2013-10-12,0.6768,0.624
2013-10-13,0.6768,0.624
2013-10-14,0.6768,0.624
2013-10-15,0.6768,0.624
2013-10-16,0.6769,0.621
2013-10-17,0.6769,0.621
2013-10-18,0.6705,0.6215
2013-10-19,0.6715,0.605
2013-10-20,0.6713,0.6205
2013-10-21,0.666,0.6121
2013-10-22,0.6719,0.6342
2013-10-23,0.6642,0.6199
2013-10-24,0.6718,0.6221
2013-10-25,0.6744,0.6223
2013-10-26,0.6744,0.6223
2013-10-27,0.6744,0.6223
2013-10-28,0.6744,0.6223
2013-10-29,0.6744,0.6223
2013-10-30,0.6744,0.6223
2013-10-31,0.6736,0.6254
2013-11-01,0.652,0.6338
2013-11-02,0.652,0.6338
2013-11-03,0.652,0.6338
2013-11-04,0.6643,0.6405
2013-11-05,0.6643,0.6405
2013-11-06,0.7229,0.6466
2013-11-07,0.7053,0.6515
2013-11-08,0.7053,0.6515
2013-11-09,0.7141,0.6355
2013-11-10,0.7141,0.6355
2013-11-11,0.7193,0.6405
2013-11-12,0.7193,0.6405
2013-11-13,0.7193,0.6405
2013-11-14,0.7033,0.6267
2013-11-15,0.7182,0.633
2013-11-16,0.7182,0.633
2013-11-17,0.7283,0.634
2013-11-18,0.7328,0.6389
2013-11-19,0.7106,0.6278
2013-11-20,0.7123,0.6389
2013-11-21,0.7123,0.6389
2013-11-22,0.7262,0.6343
2013-11-23,0.7109,0.6359
2013-11-24,0.719,0.6415
2013-11-25,0.6963,0.6333
2013-11-26,0.6875,0.625
2013-11-27,0.6693,0.6136
2013-11-28,0.665,0.6094
2013-11-29,0.665,0.6094
2013-11-30,0.658,0.603
2013-12-01,0.6593,0.6148
2013-12-02,0.6473,0.6056
2013-12-03,0.6349,0.592
2013-12-04,0.6341,0.5916
2013-12-05,0.6552,0.5934
2013-12-06,0.651,0.591
2013-12-07,0.6524,0.5837
2013-12-08,0.6382,0.5737
2013-12-09,0.6286,0.577
2013-12-10,0.6286,0.577
2013-12-11,0.627,0.5798
2013-12-12,0.627,0.5798
2013-12-13,0.627,0.5798
2013-12-14,0.6343,0.586
2013-12-15,0.6343,0.586
2013-12-16,0.5977,0.5626
2013-12-17,0.5892,0.5569
2013-12-18,0.5892,0.5569
2013-12-19,0.5958,0.5698
2013-12-20,0.587,0.5583
2013-12-21,0.5644,0.5266
2013-12-22,0.5574,0.5213
2013-12-23,0.5683,0.5267
2013-12-24,0.5743,0.5306
2013-12-25,0.5845,0.5372
2013-12-26,0.5868,0.5381
2013-12-27,0.5992,0.5486
2013-12-28,0.6078,0.5549
2013-12-29,0.6078,0.5549
2013-12-30,0.603,0.5529
2013-12-31,0.6179,0.5667
2014-01-01,0.6146,0.5419
2014-01-02,0.6033,0.5382
2014-01-03,0.5968,0.5467
2014-01-04,0.606,0.5604
2014-01-05,0.6097,0.5653
2014-01-06,0.6062,0.5653
2014-01-07,0.6118,0.5708
2014-01-08,0.6023,0.5593
2014-01-09,0.5848,0.5425
2014-01-10,0.5925,0.5469
2014-01-11,0.5849,0.5365
2014-01-12,0.5759,0.532
2014-01-13,0.566,0.5178
2014-01-14,0.558,0.5132
2014-01-15,0.5586,0.5109
2014-01-16,0.5586,0.5109
2014-01-17,0.5586,0.5109
2014-01-18,0.5662,0.517
2014-01-19,0.5632,0.5029
2014-01-20,0.577,0.5179
2014-01-21,0.5965,0.5332
2014-01-22,0.5865,0.5277
2014-01-23,0.5718,0.5218
2014-01-24,0.5718,0.5218
2014-01-25,0.5718,0.5218
2014-01-26,0.5693,0.5346
2014-01-27,0.5577,0.5266
2014-01-28,0.5577,0.5266
2014-01-29,0.5616,0.5287
2014-01-30,0.5616,0.5287
2014-01-31,0.5766,0.5398
2014-02-01,0.599,0.5739
2014-02-02,0.6028,0.5795
2014-02-03,0.6038,0.5797
2014-02-04,0.6067,0.5871
2014-02-05,0.6018,0.5843
2014-02-06,0.6018,0.5843
2014-02-07,0.5731,0.5473
2014-02-08,0.5638,0.5415
2014-02-09,0.5606,0.5291
2014-02-10,0.5801,0.5499
2014-02-11,0.5801,0.5499
2014-02-12,0.5804,0.5453
2014-02-13,0.59,0.5603
2014-02-14,0.5914,0.5578
2014-02-15,0.5926,0.5584
2014-02-16,0.5849,0.5457
2014-02-17,0.5849,0.5457
2014-02-18,0.5874,0.5498
2014-02-19,0.591,0.5675
2014-02-20,0.6045,0.5828
2014-02-21,0.597,0.5731
2014-02-22,0.6053,0.5789
2014-02-23,0.5994,0.574
2014-02-24,0.5862,0.5579
2014-02-25,0.5899,0.5609
2014-02-26,0.6005,0.5766
2014-02-27,0.6005,0.5766
2014-02-28,0.6005,0.5766
2014-03-01,0.5942,0.5713
2014-03-02,0.5942,0.5713
2014-03-03,0.6001,0.576
2014-03-04,0.6094,0.5668
2014-03-05,0.6013,0.5555
2014-03-06,0.6199,0.567
2014-03-07,0.6288,0.5806
2014-03-08,0.6288,0.5806
2014-03-09,0.6568,0.586
2014-03-10,0.6456,0.5801
2014-03-11,0.6419,0.5809
2014-03-12,0.6364,0.5888
2014-03-13,0.6354,0.5979
2014-03-14,0.6421,0.6071
2014-03-15,0.6285,0.5928
2014-03-16,0.6359,0.6055
2014-03-17,0.6367,0.6042
2014-03-18,0.6427,0.6046
2014-03-19,0.6427,0.6046
2014-03-20,0.6388,0.5956
2014-03-21,0.6577,0.6156
2014-03-22,0.6187,0.5911
2014-03-23,0.6296,0.6061
2014-03-24,0.6216,0.5988
2014-03-25,0.6184,0.5884
2014-03-26,0.6179,0.5912
2014-03-27,0.6179,0.5912
2014-03-28,0.6053,0.5819
2014-03-29,0.5908,0.5718
2014-03-30,0.5908,0.5718
2014-03-31,0.605,0.579
2014-04-01,0.605,0.579
2014-04-02,0.605,0.579
2014-04-03,0.5978,0.5725
2014-04-04,0.6146,0.5891
2014-04-05,0.6146,0.5891
2014-04-06,0.6121,0.5782
2014-04-07,0.6121,0.5782
2014-04-08,0.6202,0.5891
2014-04-09,0.6202,0.5891
2014-04-10,0.6049,0.5782
2014-04-11,0.6167,0.5878
2014-04-12,0.6186,0.5884
2014-04-13,0.6186,0.5884
2014-04-14,0.6223,0.5823
2014-04-15,0.6223,0.5823
2014-04-16,0.626,0.5932
2014-04-17,0.6224,0.601
2014-04-18,0.6224,0.601
2014-04-19,0.6408,0.6105
2014-04-20,0.6334,0.5905
2014-04-21,0.6147,0.5857
2014-04-22,0.6115,0.5805
2014-04-23,0.6089,0.5831
2014-04-24,0.6231,0.6029
2014-04-25,0.6359,0.6183
2014-04-26,0.6359,0.6183
2014-04-27,0.644,0.6257
2014-04-28,0.6572,0.6186
2014-04-29,0.6572,0.6186
2014-04-30,0.6572,0.6186
2014-05-01,0.6572,0.6186
2014-05-02,0.6447,0.6087
2014-05-03,0.6308,0.5875
2014-05-04,0.626,0.5985
2014-05-05,0.6226,0.586
2014-05-06,0.6292,0.596
2014-05-07,0.6372,0.5884
2014-05-08,0.6491,0.5995
2014-05-09,0.6566,0.6118
2014-05-10,0.6525,0.5916
2014-05-11,0.6442,0.5808
2014-05-12,0.6432,0.5823
2014-05-13,0.6333,0.5778
2014-05-14,0.6109,0.546
2014-05-15,0.6109,0.546
2014-05-16,0.598,0.5358
2014-05-17,0.5915,0.5292
2014-05-18,0.6006,0.5439
2014-05-19,0.6126,0.5477
2014-05-20,0.6213,0.5647
2014-05-21,0.6073,0.5593
2014-05-22,0.605,0.5584
2014-05-23,0.605,0.5584
2014-05-24,0.605,0.5584
2014-05-25,0.6005,0.5682
2014-05-26,0.5945,0.5632
2014-05-27,0.5964,0.5719
2014-05-28,0.5964,0.5719
2014-05-29,0.5885,0.5631
2014-05-30,0.5726,0.5536
2014-05-31,0.5659,0.5476
2014-06-01,0.5613,0.5439
2014-06-02,0.5726,0.5618
2014-06-03,0.5831,0.5694
2014-06-04,0.5735,0.5574
2014-06-05,0.5771,0.5591
2014-06-06,0.5799,0.562
2014-06-07,0.5806,0.5628
2014-06-08,0.5843,0.5661
2014-06-09,0.6005,0.5732
2014-06-10,0.5974,0.5665
2014-06-11,0.5961,0.562
2014-06-12,0.5987,0.5721
2014-06-13,0.6068,0.5791
2014-06-14,0.6068,0.5791
2014-06-15,0.6109,0.5838
2014-06-16,0.5994,0.5684
2014-06-17,0.6028,0.5727
2014-06-18,0.6028,0.5727
2014-06-19,0.5984,0.5641
2014-06-20,0.6135,0.5823
2014-06-21,0.6309,0.5923
2014-06-22,0.6309,0.5923
2014-06-23,0.6142,0.5809
2014-06-24,0.6101,0.5699
2014-06-25,0.6101,0.5699
2014-06-26,0.6009,0.5524
2014-06-27,0.6009,0.5524
2014-06-28,0.6161,0.5701
2014-06-29,0.6285,0.5767
2014-06-30,0.6285,0.5767
2014-07-01,0.6203,0.5698
2014-07-02,0.6201,0.5708
2014-07-03,0.6168,0.5644
2014-07-04,0.6133,0.5627
2014-07-05,0.6133,0.5627
2014-07-06,0.6191,0.5669
2014-07-07,0.6191,0.5669
2014-07-08,0.6067,0.552
2014-07-09,0.6037,0.5599
2014-07-10,0.6024,0.5471
2014-07-11,0.6004,0.5769
2014-07-12,0.6062,0.5814
2014-07-13,0.5937,0.5703
2014-07-14,0.5937,0.5703
2014-07-15,0.6125,0.5889
2014-07-16,0.6616,0.6309
2014-07-17,0.6616,0.6309
2014-07-18,0.6616,0.6309
2014-07-19,0.6616,0.6309
2014-07-20,0.6438,0.6157
2014-07-21,0.6438,0.6157
2014-07-22,0.6438,0.6157
2014-07-23,0.6389,0.613
2014-07-24,0.6449,0.6192
2014-07-25,0.6492,0.6203
2014-07-26,0.6453,0.6111
2014-07-27,0.6453,0.6111
2014-07-28,0.6275,0.5806
2014-07-29,0.642,0.5937
2014-07-30,0.6541,0.6042
2014-07-31,0.6374,0.5946
2014-08-01,0.659,0.6201
2014-08-02,0.6765,0.6389
2014-08-03,0.6873,0.6453
2014-08-04,0.6799,0.6417
2014-08-05,0.6753,0.6388
2014-08-06,0.6753,0.6388
2014-08-07,0.6869,0.6448
2014-08-08,0.6852,0.6403
2014-08-09,0.6852,0.6403
2014-08-10,0.6648,0.6205
2014-08-11,0.6535,0.6251
2014-08-12,0.6528,0.6232
2014-08-13,0.6528,0.6232
2014-08-14,0.6444,0.6137
2014-08-15,0.6264,0.6022
2014-08-16,0.6264,0.6022
2014-08-17,0.6264,0.6022
2014-08-18,0.6197,0.5962
2014-08-19,0.6074,0.5782
2014-08-20,0.6074,0.5782
2014-08-21,0.5908,0.5628
2014-08-22,0.5928,0.5602
2014-08-23,0.5928,0.5602
2014-08-24,0.5928,0.5602
2014-08-25,0.5935,0.5661
2014-08-26,0.5935,0.5661
2014-08-27,0.5916,0.5608
2014-08-28,0.5981,0.5498
2014-08-29,0.6119,0.542
2014-08-30,0.6082,0.5687
2014-08-31,0.6237,0.5929
2014-09-01,0.6237,0.5929
2014-09-02,0.6237,0.5929
2014-09-03,0.6346,0.6162
2014-09-04,0.6464,0.6166
2014-09-05,0.6464,0.6166
2014-09-06,0.6464,0.6166
2014-09-07,0.6515,0.6227
2014-09-08,0.6515,0.6227
2014-09-09,0.6447,0.6184
2014-09-10,0.6509,0.6254
2014-09-11,0.6655,0.6377
2014-09-12,0.6655,0.6377
2014-09-13,0.673,0.6461
2014-09-14,0.6808,0.6516
2014-09-15,0.6808,0.6516
2014-09-16,0.6808,0.6516
2014-09-17,0.6828,0.6619
2014-09-18,0.6869,0.6756
2014-09-19,0.6869,0.6756
2014-09-20,0.6869,0.6756
2014-09-21,0.695,0.6756
2014-09-22,0.695,0.6756
2014-09-23,0.695,0.6756
2014-09-24,0.6876,0.6652
2014-09-25,0.6876,0.6652
2014-09-26,0.6876,0.6652
2014-09-27,0.6876,0.6652
2014-09-28,0.6804,0.6415
2014-09-29,0.7137,0.6279
2014-09-30,0.722,0.616
2014-10-01,0.722,0.616
2014-10-02,0.722,0.616
2014-10-03,0.7034,0.6279
2014-10-04,0.7034,0.6279
2014-10-05,0.7468,0.6458
2014-10-06,0.7222,0.6304
2014-10-07,0.7368,0.6234
2014-10-08,0.7212,0.6292
2014-10-09,0.7124,0.6117
2014-10-10,0.7124,0.6117
2014-10-11,0.7124,0.6117
2014-10-12,0.6948,0.6106
2014-10-13,0.6948,0.6106
2014-10-14,0.6948,0.6106
2014-10-15,0.6722,0.5951
2014-10-16,0.6634,0.5873
2014-10-17,0.6788,0.5949
2014-10-18,0.6788,0.5949
2014-10-19,0.6788,0.5949
2014-10-20,0.6729,0.612
2014-10-21,0.6729,0.612
2014-10-22,0.6729,0.612
2014-10-23,0.6729,0.612
2014-10-24,0.6904,0.604
2014-10-25,0.6904,0.604
2014-10-26,0.6904,0.604
2014-10-27,0.6904,0.604
2014-10-28,0.7049,0.6153
2014-10-29,0.7049,0.6153
2014-10-30,0.7049,0.6153
2014-10-31,0.7049,0.6153
2014-11-01,0.6869,0.622
2014-11-02,0.6901,0.6348
2014-11-03,0.6901,0.6348
2014-11-04,0.6366,0.6038
2014-11-05,0.6494,0.6149
2014-11-06,0.6547,0.6213
2014-11-07,0.6731,0.6335
2014-11-08,0.6647,0.6251
2014-11-09,0.6647,0.6251
2014-11-10,0.6647,0.6251
2014-11-11,0.6966,0.6429
2014-11-12,0.6966,0.6429
2014-11-13,0.6966,0.6429
2014-11-14,0.7047,0.6591
2014-11-15,0.7357,0.6756
2014-11-16,0.684,0.6343
2014-11-17,0.6855,0.6179
2014-11-18,0.6855,0.6179
2014-11-19,0.6855,0.6179
2014-11-20,0.6855,0.6179
2014-11-21,0.6855,0.6179
2014-11-22,0.6646,0.6294
2014-11-23,0.6792,0.6371
2014-11-24,0.6792,0.6371
2014-11-25,0.6792,0.6371
2014-11-26,0.6792,0.6371
2014-11-27,0.7,0.6647
2014-11-28,0.7,0.6647
2014-11-29,0.7,0.6647
2014-11-30,0.7,0.6647
2014-12-01,0.7226,0.6756
2014-12-02,0.6889,0.6474
2014-12-03,0.6667,0.6366
2014-12-04,0.6813,0.6288
2014-12-05,0.6461,0.5957
2014-12-06,0.6461,0.5957
2014-12-07,0.6461,0.5957
2014-12-08,0.6461,0.5957
2014-12-09,0.6461,0.5957
2014-12-10,0.6461,0.5957
2014-12-11,0.6461,0.5957
2014-12-12,0.6461,0.5957
2014-12-13,0.6461,0.5957
2014-12-14,0.6461,0.5957
2014-12-15,0.6461,0.5957
2014-12-16,0.6677,0.6288
2014-12-17,0.6773,0.617
2014-12-18,0.6773,0.617
2014-12-19,0.6773,0.617
2014-12-20,0.6773,0.617
2014-12-21,0.6748,0.6288
2014-12-22,0.6872,0.617
2014-12-23,0.6749,0.6332
2014-12-24,0.6745,0.6417
2014-12-25,0.6922,0.6514
2014-12-26,0.6922,0.6514
2014-12-27,0.6922,0.6514
2014-12-28,0.6799,0.6337
2014-12-29,0.6799,0.6337
2014-12-30,0.6799,0.6337
2014-12-31,0.6799,0.6337
2015-01-01,0.6998,0.658
2015-01-02,0.7174,0.6551
2015-01-03,0.7174,0.6551
2015-01-04,0.7176,0.6179
2015-01-05,0.7176,0.6179
2015-01-06,0.7176,0.6179
2015-01-07,0.6574,0.5999
2015-01-08,0.6374,0.6107
2015-01-09,0.6374,0.6107
2015-01-10,0.6374,0.6107
2015-01-11,0.6272,0.5931
2015-01-12,0.6282,0.6034
2015-01-13,0.6248,0.6008
2015-01-14,0.6177,0.5925
2015-01-15,0.6225,0.6018
2015-01-16,0.6225,0.6018
2015-01-17,0.6151,0.5941
2015-01-18,0.6277,0.6125
2015-01-19,0.6336,0.6188
2015-01-20,0.6262,0.602
2015-01-21,0.6209,0.5972
2015-01-22,0.6209,0.5972
2015-01-23,0.6337,0.6108
2015-01-24,0.6303,0.6098
2015-01-25,0.6303,0.6098
2015-01-26,0.6303,0.6098
2015-01-27,0.6445,0.6004
2015-01-28,0.6445,0.6004
2015-01-29,0.6445,0.6004
2015-01-30,0.6319,0.5899
2015-01-31,0.6319,0.5899
2015-02-01,0.6319,0.5899
2015-02-02,0.6297,0.6006
2015-02-03,0.6375,0.6172
2015-02-04,0.6375,0.6172
2015-02-05,0.6375,0.6172
2015-02-06,0.6211,0.6005
2015-02-07,0.6375,0.617
2015-02-08,0.628,0.6099
2015-02-09,0.628,0.6099
2015-02-10,0.6333,0.6162
2015-02-11,0.6385,0.6244
2015-02-12,0.6483,0.6329
2015-02-13,0.6475,0.6268
2015-02-14,0.6507,0.635
2015-02-15,0.6507,0.635
2015-02-16,0.6598,0.6448
2015-02-17,0.6542,0.6356
2015-02-18,0.6542,0.6356
2015-02-19,0.6652,0.6521
2015-02-20,0.667,0.6524
2015-02-21,0.6753,0.655
2015-02-22,0.6753,0.655
2015-02-23,0.6665,0.6524
2015-02-24,0.6665,0.6524
2015-02-25,0.6665,0.6524
2015-02-26,0.6665,0.6524
2015-02-27,0.6742,0.655
2015-02-28,0.6591,0.6397
2015-03-01,0.6536,0.6352
2015-03-02,0.6536,0.6352
2015-03-03,0.6536,0.6352
2015-03-04,0.6574,0.6294
2015-03-05,0.6805,0.649
2015-03-06,0.6805,0.649
2015-03-07,0.6805,0.649
2015-03-08,0.6805,0.649
2015-03-09,0.6997,0.658
2015-03-10,0.7255,0.6551
2015-03-11,0.7255,0.6551
2015-03-12,0.7255,0.6551
2015-03-13,0.7255,0.6551
2015-03-14,0.6969,0.6282
2015-03-15,0.6969,0.6282
2015-03-16,0.6969,0.6282
2015-03-17,0.6969,0.6282
2015-03-18,0.6969,0.6282
2015-03-19,0.7027,0.6471
2015-03-20,0.704,0.6423
2015-03-21,0.7262,0.6526
2015-03-22,0.7478,0.6487
2015-03-23,0.7338,0.6434
2015-03-24,0.7338,0.6434
2015-03-25,0.7338,0.6434
2015-03-26,0.7338,0.6434
2015-03-27,0.7338,0.6434
2015-03-28,0.7289,0.596
2015-03-29,0.7346,0.6229
2015-03-30,0.7453,0.6123
2015-03-31,0.7453,0.6123
2015-04-01,0.7453,0.6123
2015-04-02,0.7453,0.6123
2015-04-03,0.7453,0.6123
2015-04-04,0.6917,0.6229
2015-04-05,0.6917,0.6229
2015-04-06,0.6667,0.6216
2015-04-07,0.6667,0.6216
2015-04-08,0.6667,0.6216
2015-04-09,0.6438,0.5984
2015-04-10,0.6438,0.5984
2015-04-11,0.6438,0.5984
2015-04-12,0.6438,0.5984
2015-04-13,0.6438,0.5984
2015-04-14,0.6438,0.5984
2015-04-15,0.6438,0.5984
2015-04-16,0.6438,0.5984
2015-04-17,0.6438,0.5984
2015-04-18,0.6806,0.6299
2015-04-19,0.6806,0.6299
2015-04-20,0.7208,0.6222
2015-04-21,0.7208,0.6222
2015-04-22,0.6893,0.6112
2015-04-23,0.6802,0.596
2015-04-24,0.6802,0.596
2015-04-25,0.6802,0.596
2015-04-26,0.6535,0.5793
2015-04-27,0.6896,0.6117
2015-04-28,0.6896,0.6117
2015-04-29,0.6861,0.6357
2015-04-30,0.6823,0.6167
2015-05-01,0.6745,0.6118
2015-05-02,0.6745,0.6118
2015-05-03,0.6647,0.6027
2015-05-04,0.6615,0.6099
2015-05-05,0.6615,0.6099
2015-05-06,0.6748,0.6131
2015-05-07,0.6748,0.6131
2015-05-08,0.6748,0.6131
2015-05-09,0.7088,0.612
2015-05-10,0.7088,0.612
2015-05-11,0.6889,0.6005
2015-05-12,0.6889,0.6005
2015-05-13,0.7325,0.6288
2015-05-14,0.7325,0.6288
2015-05-15,0.7325,0.6288
2015-05-16,0.7325,0.6288
2015-05-17,0.7325,0.6288
2015-05-18,0.7325,0.6288
2015-05-19,0.7325,0.6288
2015-05-20,0.7325,0.6288
2015-05-21,0.7325,0.6288
2015-05-22,0.74,0.6455
2015-05-23,0.7752,0.6394
2015-05-24,0.7653,0.625
2015-05-25,0.7653,0.625
2015-05-26,0.7868,0.6123
2015-05-27,0.7868,0.6123
2015-05-28,0.7752,0.5928
2015-05-29,0.741,0.5842
2015-05-30,0.7484,0.6083
2015-05-31,0.7282,0.6299
2015-06-01,0.7282,0.6299
2015-06-02,0.7733,0.6527
2015-06-03,0.7733,0.6527
2015-06-04,0.7733,0.6527
2015-06-05,0.7733,0.6527
2015-06-06,0.7733,0.6527
2015-06-07,0.7017,0.6136
2015-06-08,0.7017,0.6136
2015-06-09,0.7017,0.6136
2015-06-10,0.6682,0.5762
2015-06-11,0.6682,0.5762
2015-06-12,0.6762,0.601
2015-06-13,0.6762,0.601
2015-06-14,0.6762,0.601
2015-06-15,0.6762,0.601
2015-06-16,0.6762,0.601
2015-06-17,0.6695,0.5863
2015-06-18,0.6695,0.5863
2015-06-19,0.6695,0.5863
2015-06-20,0.6695,0.5863
2015-06-21,0.6695,0.5863
2015-06-22,0.6695,0.5863
2015-06-23,0.6951,0.5565
2015-06-24,0.6612,0.5288
2015-06-25,0.6621,0.5655
2015-06-26,0.6291,0.5876
2015-06-27,0.6473,0.6215
2015-06-28,0.6473,0.6215
2015-06-29,0.6584,0.6305
2015-06-30,0.6584,0.6305
2015-07-01,0.6584,0.6305
2015-07-02,0.6672,0.6411
2015-07-03,0.6672,0.6411
2015-07-04,0.6394,0.6147
2015-07-05,0.6394,0.6147
2015-07-06,0.6394,0.6147
2015-07-07,0.6225,0.6038
2015-07-08,0.6405,0.6162
2015-07-09,0.6425,0.6154
2015-07-10,0.6494,0.6165
2015-07-11,0.6421,0.6117
2015-07-12,0.642,0.6026
2015-07-13,0.642,0.6026
2015-07-14,0.6353,0.6035
2015-07-15,0.6353,0.6035
2015-07-16,0.6249,0.5877
2015-07-17,0.6298,0.5931
2015-07-18,0.6298,0.5931
2015-07-19,0.6298,0.5931
2015-07-20,0.6298,0.5931
2015-07-21,0.6298,0.5931
2015-07-22,0.6298,0.5931
2015-07-23,0.6298,0.5931
2015-07-24,0.6601,0.6145
2015-07-25,0.6884,0.6343
2015-07-26,0.7102,0.6426
2015-07-27,0.7102,0.6426
2015-07-28,0.6895,0.6301
2015-07-29,0.6895,0.6301
2015-07-30,0.6732,0.6233
2015-07-31,0.6732,0.6233
2015-08-01,0.6732,0.6233
2015-08-02,0.6732,0.6233
2015-08-03,0.6756,0.6159
2015-08-04,0.6756,0.6159
2015-08-05,0.6756,0.6159
2015-08-06,0.675,0.6225
2015-08-07,0.6643,0.6251
2015-08-08,0.6712,0.6361
2015-08-09,0.6712,0.6361
2015-08-10,0.6898,0.659
2015-08-11,0.6898,0.659
2015-08-12,0.6928,0.6493
2015-08-13,0.6819,0.6361
2015-08-14,0.6819,0.6361
2015-08-15,0.7528,0.6229
2015-08-16,0.7528,0.6229
2015-08-17,0.6874,0.6361
2015-08-18,0.6874,0.6361
2015-08-19,0.6586,0.5936
2015-08-20,0.6586,0.5936
2015-08-21,0.6586,0.5936
2015-08-22,0.6586,0.5936
2015-08-23,0.6658,0.5794
2015-08-24,0.6658,0.5794
2015-08-25,0.6658,0.5794
2015-08-26,0.6658,0.5794
2015-08-27,0.6841,0.6025
2015-08-28,0.6877,0.6171
2015-08-29,0.7181,0.6286
2015-08-30,0.7181,0.6286
2015-08-31,0.6811,0.6254
2015-09-01,0.6697,0.61
2015-09-02,0.6697,0.61
2015-09-03,0.6697,0.61
2015-09-04,0.6445,0.5854
2015-09-05,0.669,0.6137
2015-09-06,0.669,0.6137
2015-09-07,0.669,0.6137
2015-09-08,0.669,0.6137
2015-09-09,0.669,0.6137
2015-09-10,0.669,0.6137
2015-09-11,0.6877,0.6244
2015-09-12,0.6877,0.6244
2015-09-13,0.6877,0.6244
2015-09-14,0.6877,0.6244
2015-09-15,0.6877,0.6244
2015-09-16,0.7055,0.6342
2015-09-17,0.7055,0.6342
2015-09-18,0.7568,0.6259
2015-09-19,0.7568,0.6259
2015-09-20,0.7568,0.6259
2015-09-21,0.7568,0.6259
2015-09-22,0.8261,0.6134
2015-09-23,0.8261,0.6134
2015-09-24,0.8261,0.6134
2015-09-25,0.8261,0.6134
2015-09-26,0.8261,0.6134
2015-09-27,0.8663,0.6423
2015-09-28,0.8663,0.6423
2015-09-29,0.8663,0.6423
2015-09-30,0.867,0.6257
2015-10-01,0.8096,0.6756
2015-10-02,0.8096,0.6756
2015-10-03,0.8096,0.6756
2015-10-04,0.8543,0.6756
2015-10-05,0.81,0.6756
2015-10-06,0.81,0.6756
2015-10-07,0.81,0.6756
2015-10-08,0.7631,0.6756
2015-10-09,0.7631,0.6756
2015-10-10,0.7631,0.6756
2015-10-11,0.7382,0.6756
2015-10-12,0.7315,0.6756
2015-10-13,0.7315,0.6756
2015-10-14,0.7315,0.6756
2015-10-15,0.7315,0.6756
2015-10-16,0.7229,0.6756
2015-10-17,0.7229,0.6756
2015-10-18,0.7229,0.6756
2015-10-19,0.7229,0.6756
2015-10-20,0.7229,0.6756
2015-10-21,0.7229,0.6756
2015-10-22,0.7229,0.6756
2015-10-23,0.7229,0.6756
2015-10-24,0.7229,0.6756
2015-10-25,0.7229,0.6756
2015-10-26,0.6965,0.6604
2015-10-27,0.6965,0.6604
2015-10-28,0.6818,0.6532
2015-10-29,0.6648,0.6283
2015-10-30,0.6805,0.6223
2015-10-31,0.684,0.6395
2015-11-01,0.684,0.6395
2015-11-02,0.684,0.6395
2015-11-03,0.684,0.6395
2015-11-04,0.6856,0.6343
2015-11-05,0.6856,0.6343
2015-11-06,0.6841,0.6395
2015-11-07,0.6681,0.6351
2015-11-08,0.6681,0.6351
2015-11-09,0.6681,0.6351
2015-11-10,0.6766,0.6434
2015-11-11,0.6787,0.6326
2015-11-12,0.6787,0.6326
2015-11-13,0.6787,0.6326
2015-11-14,0.6787,0.6326
2015-11-15,0.7122,0.624
2015-11-16,0.7122,0.624
2015-11-17,0.7122,0.624
2015-11-18,0.7122,0.624
2015-11-19,0.7122,0.624
2015-11-20,0.7122,0.624
2015-11-21,0.7122,0.624
2015-11-22,0.7122,0.624
2015-11-23,0.7165,0.6123
2015-11-24,0.704,0.6229
2015-11-25,0.712,0.6123
2015-11-26,0.712,0.6123
2015-11-27,0.7456,0.5965
2015-11-28,0.7409,0.6229
2015-11-29,0.6987,0.6361
2015-11-30,0.6987,0.6361
2015-12-01,0.6987,0.6361
2015-12-02,0.6987,0.6361
2015-12-03,0.6987,0.6361
2015-12-04,0.6986,0.644
2015-12-05,0.6986,0.644
2015-12-06,0.7126,0.6625
2015-12-07,0.733,0.6756
2015-12-08,0.7288,0.6592
2015-12-09,0.7288,0.6592
2015-12-10,0.7288,0.6592
2015-12-11,0.7288,0.6592
2015-12-12,0.7288,0.6592
2015-12-13,0.6935,0.6625
2015-12-14,0.6579,0.6308
2015-12-15,0.6579,0.6308
2015-12-16,0.6579,0.6308
2015-12-17,0.6579,0.6308
2015-12-18,0.6537,0.6383
2015-12-19,0.6455,0.6239
2015-12-20,0.6499,0.6313
2015-12-21,0.6595,0.6323
2015-12-22,0.6595,0.6323
2015-12-23,0.6707,0.6521
2015-12-24,0.6805,0.6603
2015-12-25,0.6805,0.6603
2015-12-26,0.6805,0.6603
2015-12-27,0.6805,0.6603
2015-12-28,0.6805,0.6603
2015-12-29,0.6926,0.6581
2015-12-30,0.6843,0.6488
2015-12-31,0.6843,0.6488
2016-01-01,0.6843,0.6488
2016-01-02,0.6843,0.6488
2016-01-03,0.6814,0.6296
2016-01-04,0.6485,0.6052
2016-01-05,0.6513,0.605
2016-01-06,0.6423,0.5969
2016-01-07,0.6457,0.5913
2016-01-08,0.6457,0.5913
2016-01-09,0.6457,0.5913
2016-01-10,0.6457,0.5913
2016-01-11,0.6457,0.5913
2016-01-12,0.657,0.5744
2016-01-13,0.657,0.5744
2016-01-14,0.657,0.5744
2016-01-15,0.657,0.5744
2016-01-16,0.6377,0.5497
2016-01-17,0.6454,0.5514
2016-01-18,0.6555,0.5798
2016-01-19,0.6654,0.5903
2016-01-20,0.6608,0.5849
2016-01-21,0.6608,0.5849
2016-01-22,0.6608,0.5849
2016-01-23,0.6608,0.5849
2016-01-24,0.6608,0.5849
2016-01-25,0.6608,0.5849
2016-01-26,0.6608,0.5849
2016-01-27,0.6608,0.5849
2016-01-28,0.651,0.6
2016-01-29,0.6632,0.6091
2016-01-30,0.6607,0.6026
2016-01-31,0.6607,0.6026
2016-02-01,0.6607,0.6026
2016-02-02,0.6607,0.6026
2016-02-03,0.6869,0.6286
2016-02-04,0.7103,0.6401
2016-02-05,0.7301,0.6525
2016-02-06,0.6937,0.6432
2016-02-07,0.6937,0.6432
2016-02-08,0.6937,0.6432
2016-02-09,0.6832,0.6486
2016-02-10,0.6832,0.6486
2016-02-11,0.6832,0.6486
2016-02-12,0.7087,0.6692
2016-02-13,0.7087,0.6692
2016-02-14,0.7087,0.6692
2016-02-15,0.7051,0.6602
2016-02-16,0.7051,0.6602
2016-02-17,0.6857,0.6337
2016-02-18,0.6857,0.6337
2016-02-19,0.6857,0.6337
2016-02-20,0.6857,0.6337
2016-02-21,0.6857,0.6337
2016-02-22,0.6857,0.6337
2016-02-23,0.6857,0.6337
2016-02-24,0.6857,0.6337
2016-02-25,0.6857,0.6337
2016-02-26,0.6857,0.6337
2016-02-27,0.6916,0.6414
2016-02-28,0.6916,0.6414
2016-02-29,0.7487,0.6328
2016-03-01,0.7438,0.6414
2016-03-02,0.7438,0.6414
2016-03-03,0.7492,0.6756
2016-03-04,0.7492,0.6756
2016-03-05,0.7613,0.6756
2016-03-06,0.7387,0.6591
2016-03-07,0.7387,0.6591
2016-03-08,0.7387,0.6591
2016-03-09,0.7387,0.6591
2016-03-10,0.7507,0.6536
2016-03-11,0.7507,0.6536
2016-03-12,0.7293,0.6336
2016-03-13,0.7293,0.6336
2016-03-14,0.7293,0.6336
2016-03-15,0.7293,0.6336
2016-03-16,0.7293,0.6336
2016-03-17,0.6859,0.6441
2016-03-18,0.6855,0.6517
2016-03-19,0.6855,0.6517
2016-03-20,0.6855,0.6517
2016-03-21,0.6855,0.6517
2016-03-22,0.6855,0.6517
2016-03-23,0.6855,0.6517
2016-03-24,0.674,0.6565
2016-03-25,0.6815,0.6597
2016-03-26,0.6815,0.6597
2016-03-27,0.6815,0.6597
2016-03-28,0.6815,0.6597
2016-03-29,0.6696,0.6368
2016-03-30,0.6696,0.6368
2016-03-31,0.6666,0.629
2016-04-01,0.6666,0.629
2016-04-02,0.6666,0.629
2016-04-03,0.6666,0.629
2016-04-04,0.6666,0.629
2016-04-05,0.6874,0.6405
2016-04-06,0.6874,0.6405
2016-04-07,0.6874,0.6405
2016-04-08,0.6874,0.6405
2016-04-09,0.6874,0.6405
2016-04-10,0.6874,0.6405
2016-04-11,0.6874,0.6405
2016-04-12,0.6614,0.6205
2016-04-13,0.6614,0.6205
2016-04-14,0.6614,0.6205
2016-04-15,0.6689,0.6282
2016-04-16,0.6735,0.6163
2016-04-17,0.6735,0.6163
2016-04-18,0.6743,0.5749
2016-04-19,0.6827,0.5405
2016-04-20,0.6827,0.5405
2016-04-21,0.6827,0.5405
2016-04-22,0.6827,0.5405
2016-04-23,0.7085,0.5751
2016-04-24,0.7398,0.6095
2016-04-25,0.7059,0.6227
2016-04-26,0.685,0.6315
2016-04-27,0.685,0.6315
2016-04-28,0.6993,0.6423
2016-04-29,0.6993,0.6423
2016-04-30,0.6993,0.6423
2016-05-01,0.6993,0.6423
2016-05-02,0.6993,0.6423
2016-05-03,0.6843,0.6332
2016-05-04,0.6843,0.6332
2016-05-05,0.6843,0.6332
2016-05-06,0.6843,0.6332
2016-05-07,0.6843,0.6332
2016-05-08,0.6843,0.6332
2016-05-09,0.646,0.6085
2016-05-10,0.646,0.6181
2016-05-11,0.645,0.6175
2016-05-12,0.6587,0.6402
2016-05-13,0.6587,0.6402
2016-05-14,0.6587,0.6402
2016-05-15,0.6633,0.6446
2016-05-16,0.6633,0.6446
2016-05-17,0.6716,0.6571
2016-05-18,0.6825,0.6756
2016-05-19,0.6849,0.6756
2016-05-20,0.6849,0.6756
2016-05-21,0.6816,0.6756
2016-05-22,0.6816,0.6756
2016-05-23,0.6816,0.6756
2016-05-24,0.6755,0.6701
2016-05-25,0.6803,0.6692
2016-05-26,0.7091,0.6756
2016-05-27,0.7091,0.6756
2016-05-28,0.7091,0.6756
2016-05-29,0.7091,0.6756
2016-05-30,0.7091,0.6756
2016-05-31,0.7091,0.6756
2016-06-01,0.6984,0.6693
2016-06-02,0.7115,0.6685
2016-06-03,0.7115,0.6685
2016-06-04,0.7115,0.6685
2016-06-05,0.6774,0.6376
2016-06-06,0.6733,0.6279
2016-06-07,0.6821,0.5968
2016-06-08,0.6963,0.6094
2016-06-09,0.7016,0.6011
2016-06-10,0.7016,0.6011
2016-06-11,0.7016,0.6011
2016-06-12,0.7016,0.6011
2016-06-13,0.7016,0.6011
2016-06-14,0.7214,0.6198
2016-06-15,0.7214,0.6198
2016-06-16,0.7214,0.6198
2016-06-17,0.7214,0.6198
2016-06-18,0.7214,0.6198
2016-06-19,0.7214,0.6198
2016-06-20,0.7063,0.6324
2016-06-21,0.7063,0.6324
2016-06-22,0.6908,0.6192
2016-06-23,0.6908,0.6192
2016-06-24,0.6908,0.6192
2016-06-25,0.7154,0.6156
2016-06-26,0.7154,0.6156
2016-06-27,0.7154,0.6156
2016-06-28,0.6797,0.5792
2016-06-29,0.6729,0.5797
2016-06-30,0.6729,0.5797
2016-07-01,0.683,0.5995
2016-07-02,0.683,0.5995
2016-07-03,0.683,0.5995
2016-07-04,0.6822,0.5967
2016-07-05,0.6603,0.608
2016-07-06,0.6798,0.622
2016-07-07,0.6598,0.5821
2016-07-08,0.6372,0.5977
2016-07-09,0.6372,0.5977
2016-07-10,0.6372,0.5977
2016-07-11,0.6372,0.5977
2016-07-12,0.6372,0.5977
2016-07-13,0.6372,0.5977
2016-07-14,0.6372,0.5977
2016-07-15,0.6372,0.5977
2016-07-16,0.6372,0.5977
2016-07-17,0.6372,0.5977
2016-07-18,0.6372,0.5977
2016-07-19,0.6372,0.5977
2016-07-20,0.6271,0.5748
2016-07-21,0.6169,0.5637
2016-07-22,0.6169,0.5637
2016-07-23,0.6526,0.6078
2016-07-24,0.6526,0.6078
2016-07-25,0.6712,0.6117
2016-07-26,0.6657,0.6054
2016-07-27,0.6657,0.6054
2016-07-28,0.6698,0.6003
2016-07-29,0.6755,0.6061
2016-07-30,0.6755,0.6061
2016-07-31,0.6755,0.6061
2016-08-01,0.6741,0.6021
2016-08-02,0.6712,0.5988
2016-08-03,0.6712,0.6177
2016-08-04,0.6779,0.6231
2016-08-05,0.6779,0.6231
2016-08-06,0.691,0.6313
2016-08-07,0.7084,0.6448
2016-08-08,0.6931,0.6365
2016-08-09,0.6931,0.6365
2016-08-10,0.6931,0.6365
2016-08-11,0.6931,0.6365
2016-08-12,0.6566,0.6191
2016-08-13,0.6566,0.6191
2016-08-14,0.6533,0.6152
2016-08-15,0.6406,0.6031
2016-08-16,0.6406,0.6031
2016-08-17,0.6406,0.6031
2016-08-18,0.6406,0.6031
2016-08-19,0.628,0.5902
2016-08-20,0.633,0.6013
2016-08-21,0.6228,0.592
2016-08-22,0.6178,0.5894
2016-08-23,0.624,0.5826
2016-08-24,0.6488,0.5786
2016-08-25,0.6512,0.5625
2016-08-26,0.6325,0.5532
2016-08-27,0.6262,0.5707
2016-08-28,0.6262,0.5707
2016-08-29,0.6081,0.5523
2016-08-30,0.6081,0.5523
2016-08-31,0.6189,0.5719
2016-09-01,0.6245,0.5785
2016-09-02,0.6372,0.5951
2016-09-03,0.6307,0.5874
2016-09-04,0.6307,0.5874
2016-09-05,0.6307,0.5874
2016-09-06,0.6307,0.5874
2016-09-07,0.6368,0.5958
2016-09-08,0.6368,0.5958
2016-09-09,0.6368,0.5958
2016-09-10,0.6368,0.5958
2016-09-11,0.6386,0.5915
2016-09-12,0.6386,0.5915
2016-09-13,0.6691,0.6128
2016-09-14,0.6999,0.6364
2016-09-15,0.6999,0.6364
2016-09-16,0.6764,0.6121
2016-09-17,0.6764,0.6121
2016-09-18,0.6795,0.6016
2016-09-19,0.6795,0.6016
2016-09-20,0.6851,0.5867
2016-09-21,0.6851,0.5867
2016-09-22,0.6957,0.6115
2016-09-23,0.6874,0.6222
2016-09-24,0.6938,0.6298
2016-09-25,0.6989,0.6222
2016-09-26,0.6785,0.6115
2016-09-27,0.6785,0.6115
2016-09-28,0.6985,0.6147
2016-09-29,0.6985,0.6147
2016-09-30,0.7081,0.6003
2016-10-01,0.7081,0.6003
2016-10-02,0.7092,0.6203
2016-10-03,0.7427,0.6411
2016-10-04,0.7249,0.648
2016-10-05,0.7249,0.648
2016-10-06,0.7249,0.648
2016-10-07,0.7249,0.648
2016-10-08,0.7249,0.648
2016-10-09,0.6829,0.6205
2016-10-10,0.6829,0.6205
2016-10-11,0.6829,0.6205
2016-10-12,0.6829,0.6205
2016-10-13,0.6829,0.6205
2016-10-14,0.6829,0.6205
2016-10-15,0.6829,0.6205
2016-10-16,0.7033,0.6209
2016-10-17,0.7033,0.6209
2016-10-18,0.7033,0.6209
2016-10-19,0.6823,0.5979
2016-10-20,0.6823,0.5979
2016-10-21,0.6865,0.6109
2016-10-22,0.6775,0.5997
2016-10-23,0.6744,0.5845
2016-10-24,0.6828,0.5971
2016-10-25,0.6828,0.5971
2016-10-26,0.6828,0.5971
2016-10-27,0.6828,0.5971
2016-10-28,0.6694,0.5774
2016-10-29,0.6694,0.5774
2016-10-30,0.6888,0.5663
2016-10-31,0.6888,0.5663
2016-11-01,0.6888,0.5663
2016-11-02,0.6655,0.5443
2016-11-03,0.6747,0.5559
2016-11-04,0.6747,0.5559
2016-11-05,0.6747,0.5559
2016-11-06,0.6732,0.5677
2016-11-07,0.6352,0.5427
2016-11-08,0.6511,0.5851
2016-11-09,0.6511,0.5851
2016-11-10,0.6511,0.5851
2016-11-11,0.6511,0.5851
2016-11-12,0.6511,0.5851
2016-11-13,0.6511,0.5851
2016-11-14,0.6567,0.5716
2016-11-15,0.6686,0.6025
2016-11-16,0.6704,0.5942
2016-11-17,0.6704,0.5942
2016-11-18,0.6885,0.5671
2016-11-19,0.6885,0.5671
2016-11-20,0.6517,0.6105
2016-11-21,0.6637,0.5888
2016-11-22,0.6578,0.6105
2016-11-23,0.6578,0.6105
2016-11-24,0.6578,0.6105
2016-11-25,0.6563,0.6235
2016-11-26,0.6376,0.6089
2016-11-27,0.6376,0.6089
2016-11-28,0.6376,0.6089
2016-11-29,0.6247,0.5867
2016-11-30,0.6247,0.5867
2016-12-01,0.6247,0.5867
2016-12-02,0.6371,0.6014
2016-12-03,0.6279,0.5863
2016-12-04,0.6279,0.5863
2016-12-05,0.6447,0.6012
2016-12-06,0.6563,0.588
2016-12-07,0.6779,0.616
2016-12-08,0.6779,0.616
2016-12-09,0.6933,0.6384
2016-12-10,0.68,0.6276
2016-12-11,0.68,0.6276
2016-12-12,0.68,0.6276
2016-12-13,0.68,0.6276
2016-12-14,0.6842,0.6324
2016-12-15,0.6667,0.6243
2016-12-16,0.6611,0.617
2016-12-17,0.6611,0.617
2016-12-18,0.6676,0.6243
2016-12-19,0.6576,0.63
2016-12-20,0.65,0.6243
2016-12-21,0.6373,0.6161
2016-12-22,0.649,0.631
2016-12-23,0.649,0.631
2016-12-24,0.649,0.631
2016-12-25,0.6584,0.6254
2016-12-26,0.6599,0.6307
2016-12-27,0.6599,0.6307
2016-12-28,0.6599,0.6307
2016-12-29,0.66,0.6333
2016-12-30,0.66,0.6333
2016-12-31,0.66,0.6333
2017-01-01,0.66,0.6333
2017-01-02,0.6542,0.619
2017-01-03,0.6542,0.619
2017-01-04,0.673,0.6283
2017-01-05,0.673,0.6283
2017-01-06,0.673,0.6283
2017-01-07,0.673,0.6283
2017-01-08,0.676,0.6289
2017-01-09,0.6716,0.6301
2017-01-10,0.6716,0.6301
2017-01-11,0.6716,0.6301
2017-01-12,0.6716,0.6301
2017-01-13,0.6581,0.609
2017-01-14,0.6457,0.5957
2017-01-15,0.6457,0.5957
2017-01-16,0.6457,0.5957
2017-01-17,0.657,0.6095
2017-01-18,0.6393,0.5929
2017-01-19,0.6393,0.5929
2017-01-20,0.655,0.5653
2017-01-21,0.6538,0.5911
2017-01-22,0.6538,0.5911
2017-01-23,0.6538,0.5911
2017-01-24,0.6538,0.5911
2017-01-25,0.6825,0.6094
2017-01-26,0.6832,0.6227
2017-01-27,0.6832,0.6227
2017-01-28,0.6871,0.6368
2017-01-29,0.6871,0.6368
2017-01-30,0.6871,0.6368
2017-01-31,0.6609,0.6239
2017-02-01,0.6653,0.6352
2017-02-02,0.6608,0.642
2017-02-03,0.6682,0.6325
2017-02-04,0.6682,0.6325
2017-02-05,0.6682,0.6325
2017-02-06,0.6682,0.6325
2017-02-07,0.6827,0.6521
2017-02-08,0.6919,0.6482
2017-02-09,0.6843,0.6521
2017-02-10,0.6794,0.6466
2017-02-11,0.6633,0.6368
2017-02-12,0.6675,0.6423
2017-02-13,0.6675,0.6423
2017-02-14,0.6556,0.623
2017-02-15,0.6556,0.623
2017-02-16,0.6615,0.6296
2017-02-17,0.6434,0.6149
2017-02-18,0.6434,0.6149
2017-02-19,0.6434,0.6149
2017-02-20,0.6448,0.6141
2017-02-21,0.6169,0.593
2017-02-22,0.6212,0.6034
2017-02-23,0.6212,0.6034
2017-02-24,0.6101,0.5827
2017-02-25,0.6098,0.5694
2017-02-26,0.6098,0.5694
2017-02-27,0.6098,0.5694
2017-02-28,0.6098,0.5694
2017-03-01,0.6098,0.5694
2017-03-02,0.62,0.5787
2017-03-03,0.62,0.5787
2017-03-04,0.6476,0.593
2017-03-05,0.6785,0.5907
2017-03-06,0.6785,0.5907
2017-03-07,0.6584,0.5812
2017-03-08,0.6295,0.5709
2017-03-09,0.6295,0.5709
2017-03-10,0.6295,0.5709
2017-03-11,0.6514,0.5956
2017-03-12,0.6482,0.5959
2017-03-13,0.649,0.6054
2017-03-14,0.649,0.6054
2017-03-15,0.649,0.6054
2017-03-16,0.6547,0.6186
2017-03-17,0.6547,0.6186
2017-03-18,0.6599,0.6071
2017-03-19,0.676,0.6461
2017-03-20,0.664,0.6373
2017-03-21,0.6736,0.6428
2017-03-22,0.6736,0.6428
2017-03-23,0.6738,0.6488
2017-03-24,0.6821,0.6675
2017-03-25,0.6821,0.6675
2017-03-26,0.7053,0.6756
2017-03-27,0.7053,0.6756
2017-03-28,0.6677,0.6493
2017-03-29,0.6408,0.6229
2017-03-30,0.6408,0.6229
2017-03-31,0.6209,0.597
2017-04-01,0.615,0.5939
2017-04-02,0.615,0.5939
2017-04-03,0.5966,0.5733
2017-04-04,0.5966,0.5733
2017-04-05,0.6118,0.5879
2017-04-06,0.6118,0.5879
2017-04-07,0.6196,0.5955
2017-04-08,0.6104,0.5861
2017-04-09,0.6104,0.5861
2017-04-10,0.5953,0.5635
2017-04-11,0.6248,0.5857
2017-04-12,0.6248,0.5857
2017-04-13,0.6248,0.5857
2017-04-14,0.6248,0.5857
2017-04-15,0.607,0.5765
2017-04-16,0.589,0.5618
2017-04-17,0.589,0.5618
2017-04-18,0.5961,0.5653
2017-04-19,0.6283,0.5879
2017-04-20,0.6439,0.5977
2017-04-21,0.6343,0.6074
2017-04-22,0.6343,0.6074
2017-04-23,0.6384,0.615
2017-04-24,0.6384,0.615
2017-04-25,0.6384,0.615
2017-04-26,0.6384,0.615
2017-04-27,0.6502,0.6334
2017-04-28,0.6682,0.6471
2017-04-29,0.6682,0.6471
2017-04-30,0.6789,0.6436
2017-05-01,0.6807,0.639
2017-05-02,0.6807,0.639
2017-05-03,0.6887,0.6432
2017-05-04,0.6701,0.635
2017-05-05,0.6966,0.6283
2017-05-06,0.7168,0.6546
2017-05-07,0.6873,0.6576
2017-05-08,0.699,0.6675
2017-05-09,0.699,0.6675
2017-05-10,0.6985,0.6756
2017-05-11,0.6985,0.6756
2017-05-12,0.6985,0.6756
2017-05-13,0.6919,0.653
2017-05-14,0.6919,0.653
2017-05-15,0.6845,0.6493
2017-05-16,0.6721,0.6361
2017-05-17,0.6721,0.6361
2017-05-18,0.6721,0.6361
2017-05-19,0.6721,0.6361
2017-05-20,0.6721,0.6361
2017-05-21,0.6721,0.6361
2017-05-22,0.6721,0.6361
2017-05-23,0.6851,0.6229
2017-05-24,0.6851,0.6229
2017-05-25,0.6576,0.6177
2017-05-26,0.6576,0.6177
2017-05-27,0.6792,0.6015
2017-05-28,0.6792,0.6015
2017-05-29,0.6792,0.6015
2017-05-30,0.666,0.571
2017-05-31,0.666,0.571
2017-06-01,0.666,0.571
2017-06-02,0.666,0.571
2017-06-03,0.6809,0.6106
2017-06-04,0.6809,0.6106
2017-06-05,0.6809,0.6106
2017-06-06,0.7215,0.6264
2017-06-07,0.7215,0.6264
2017-06-08,0.7215,0.6264
2017-06-09,0.7215,0.6264
2017-06-10,0.7215,0.6264
2017-06-11,0.7215,0.6264
2017-06-12,0.8474,0.61
2017-06-13,0.8474,0.61
2017-06-14,0.8474,0.61
2017-06-15,0.739,0.5941
2017-06-16,0.739,0.5941
2017-06-17,0.739,0.5941
2017-06-18,0.739,0.5941
2017-06-19,0.739,0.5941
2017-06-20,0.7617,0.6052
2017-06-21,0.7617,0.6052
2017-06-22,0.7574,0.6193
2017-06-23,0.7574,0.6193
2017-06-24,0.7357,0.6448
2017-06-25,0.7357,0.6448
2017-06-26,0.7368,0.6756
2017-06-27,0.7368,0.6756
2017-06-28,0.7368,0.6756
2017-06-29,0.8579,0.6756
2017-06-30,0.8579,0.6756
2017-07-01,0.7361,0.6756
2017-07-02,0.7057,0.6756
2017-07-03,0.7057,0.6756
2017-07-04,0.7057,0.6756
2017-07-05,0.7057,0.6756
2017-07-06,0.7057,0.6756
2017-07-07,0.7057,0.6756
2017-07-08,0.6952,0.6756
2017-07-09,0.6952,0.6756
2017-07-10,0.6952,0.6756
2017-07-11,0.6952,0.6756
2017-07-12,0.6952,0.6756
2017-07-13,0.6952,0.6756
2017-07-14,0.6952,0.6756
2017-07-15,0.7149,0.6756
2017-07-16,0.7149,0.6756
2017-07-17,0.7149,0.6756
2017-07-18,0.7149,0.6756
2017-07-19,0.7149,0.6756
2017-07-20,0.7149,0.6756
2017-07-21,0.7001,0.6756
2017-07-22,0.6891,0.6361
2017-07-23,0.6891,0.6361
2017-07-24,0.6566,0.6052
2017-07-25,0.6566,0.6052
2017-07-26,0.6566,0.6052
2017-07-27,0.6566,0.6052
2017-07-28,0.6704,0.6193
2017-07-29,0.6704,0.6193
2017-07-30,0.6704,0.6193
2017-07-31,0.7009,0.6509
2017-08-01,0.7028,0.6448
2017-08-02,0.7028,0.6448
2017-08-03,0.7028,0.6448
2017-08-04,0.7028,0.6448
2017-08-05,0.7028,0.6448
2017-08-06,0.6817,0.6509
2017-08-07,0.6817,0.6509
2017-08-08,0.6817,0.6509
2017-08-09,0.6817,0.6509
2017-08-10,0.6817,0.6509
2017-08-11,0.6817,0.6509
2017-08-12,0.6817,0.6509
2017-08-13,0.6817,0.6509
2017-08-14,0.6817,0.6509
2017-08-15,0.6817,0.6509
2017-08-16,0.6817,0.6509
2017-08-17,0.6817,0.6509
2017-08-18,0.6817,0.6509
2017-08-19,0.6902,0.6551
2017-08-20,0.7202,0.6756
2017-08-21,0.7073,0.6756
2017-08-22,0.7073,0.6756
2017-08-23,0.7036,0.6756
2017-08-24,0.7036,0.6756
2017-08-25,0.7036,0.6756
2017-08-26,0.7036,0.6756
2017-08-27,0.7269,0.6541
2017-08-28,0.7269,0.6541
2017-08-29,0.7269,0.6541
2017-08-30,0.7269,0.6541
2017-08-31,0.7269,0.6541
2017-09-01,0.7269,0.6541
2017-09-02,0.6935,0.6595
2017-09-03,0.689,0.629
2017-09-04,0.6889,0.6383
2017-09-05,0.6826,0.629
2017-09-06,0.6848,0.6384
2017-09-07,0.6848,0.6384
2017-09-08,0.6572,0.6241
2017-09-09,0.823,0.6272
2017-09-10,0.776,0.5801
2017-09-11,0.7724,0.5891
2017-09-12,0.7669,0.5789
2017-09-13,0.7624,0.5444
2017-09-14,0.7587,0.5349
2017-09-15,0.7521,0.5263
2017-09-16,0.7221,0.5456
2017-09-17,0.7046,0.5303
2017-09-18,0.7389,0.5006
2017-09-19,0.7247,0.484
2017-09-20,0.6758,0.5113
2017-09-21,0.6755,0.5117
2017-09-22,0.6751,0.5122
2017-09-23,0.6706,0.5094
2017-09-24,0.6394,0.5107
2017-09-25,0.6129,0.54
2017-09-26,0.6078,0.5404
2017-09-27,0.6074,0.5417
2017-09-28,0.6074,0.5417
2017-09-29,0.5751,0.538
2017-09-30,0.5733,0.5382
2017-10-01,0.5733,0.5381
2017-10-02,0.5731,0.5379
2017-10-03,0.5731,0.5379
2017-10-04,0.5684,0.5371
2017-10-05,0.5657,0.5327
2017-10-06,0.5653,0.5324
2017-10-07,0.5637,0.5324
2017-10-08,0.5776,0.5463
2017-10-09,0.5668,0.5347
2017-10-10,0.549,0.5227
2017-10-11,0.5481,0.5098
2017-10-12,0.5429,0.5006
2017-10-13,0.5468,0.5035
2017-10-14,0.546,0.5009
2017-10-15,0.5495,0.5027
2017-10-16,0.5503,0.5015
2017-10-17,0.5644,0.5134
2017-10-18,0.5563,0.5064
2017-10-19,0.555,0.5009
2017-10-20,0.539,0.481
2017-10-21,0.5404,0.4819
2017-10-22,0.5326,0.4683
2017-10-23,0.5449,0.4752
2017-10-24,0.5019,0.4133
2017-10-25,0.513,0.4259
2017-10-26,0.5123,0.4226
2017-10-27,0.5185,0.428
2017-10-28,0.5185,0.428
2017-10-29,0.4979,0.4286
2017-10-30,0.4932,0.4255
2017-10-31,0.4915,0.4247
2017-11-01,0.4806,0.4152
2017-11-02,0.477,0.4142
2017-11-03,0.4755,0.4154
2017-11-04,0.5045,0.4557
2017-11-05,0.5092,0.459
2017-11-06,0.5018,0.4522
2017-11-07,0.5063,0.4515
2017-11-08,0.5054,0.4532
2017-11-09,0.5037,0.4476
2017-11-10,0.4759,0.4284
2017-11-11,0.5047,0.4597
2017-11-12,0.5091,0.4581
2017-11-13,0.5215,0.472
2017-11-14,0.4994,0.4616
2017-11-15,0.5177,0.476
2017-11-16,0.5222,0.4808
2017-11-17,0.5207,0.4784
2017-11-18,0.5207,0.4784
2017-11-19,0.5201,0.4807
2017-11-20,0.5331,0.5027
2017-11-21,0.5288,0.4811
2017-11-22,0.5201,0.4635
2017-11-23,0.5234,0.4645
2017-11-24,0.5302,0.4708
2017-11-25,0.5223,0.4665
2017-11-26,0.5357,0.4821
2017-11-27,0.5501,0.5036
2017-11-28,0.5532,0.5193
2017-11-29,0.5497,0.5303
2017-11-30,0.5773,0.559
2017-12-01,0.5971,0.5721
2017-12-02,0.6065,0.5798
2017-12-03,0.6056,0.5822
2017-12-04,0.6116,0.588
2017-12-05,0.6116,0.588
2017-12-06,0.621,0.5948
2017-12-07,0.6214,0.5899
2017-12-08,0.6286,0.5957
2017-12-09,0.6325,0.5977
2017-12-10,0.6389,0.6036
2017-12-11,0.6389,0.6036
2017-12-12,0.6389,0.6036
2017-12-13,0.6302,0.6038
2017-12-14,0.6383,0.5878
2017-12-15,0.6383,0.5878
2017-12-16,0.6326,0.5944
2017-12-17,0.6296,0.5908
2017-12-18,0.6274,0.5873
2017-12-19,0.6322,0.5909
2017-12-20,0.6322,0.5909
2017-12-21,0.6302,0.5986
2017-12-22,0.6403,0.6162
2017-12-23,0.6403,0.6162
2017-12-24,0.6403,0.6162
2017-12-25,0.6468,0.6216
2017-12-26,0.6382,0.6121
2017-12-27,0.6263,0.5924
2017-12-28,0.6305,0.5967
2017-12-29,0.6305,0.5967
2017-12-30,0.632,0.5891
2017-12-31,0.6186,0.5653
2018-01-01,0.6044,0.5715
2018-01-02,0.6102,0.5778
2018-01-03,0.5936,0.5604
2018-01-04,0.5936,0.5604
2018-01-05,0.5882,0.5573
2018-01-06,0.5882,0.5573
2018-01-07,0.5854,0.5564
2018-01-08,0.5868,0.5557
2018-01-09,0.5729,0.5484
2018-01-10,0.5696,0.5467
2018-01-11,0.5655,0.5395
2018-01-12,0.5706,0.5367
2018-01-13,0.5706,0.5367
2018-01-14,0.5571,0.5215
2018-01-15,0.5503,0.5091
2018-01-16,0.5559,0.5201
2018-01-17,0.5717,0.5293
2018-01-18,0.584,0.5412
2018-01-19,0.5989,0.5563
2018-01-20,0.585,0.5247
2018-01-21,0.5801,0.5257
2018-01-22,0.5627,0.5055
2018-01-23,0.5766,0.5298
2018-01-24,0.5766,0.5298
2018-01-25,0.5755,0.5442
2018-01-26,0.5835,0.5571
2018-01-27,0.5835,0.5571
2018-01-28,0.5835,0.5571
2018-01-29,0.5842,0.5568
2018-01-30,0.5842,0.5568
2018-01-31,0.5973,0.5839
2018-02-01,0.5973,0.5839
2018-02-02,0.5973,0.5839
2018-02-03,0.5973,0.5839
2018-02-04,0.6017,0.5877
2018-02-05,0.6017,0.5877
2018-02-06,0.6079,0.5943
2018-02-07,0.6079,0.5943
2018-02-08,0.597,0.5737
2018-02-09,0.6089,0.5849
2018-02-10,0.6327,0.6025
2018-02-11,0.6327,0.6025
2018-02-12,0.6327,0.6025
2018-02-13,0.6446,0.5903
2018-02-14,0.6446,0.5903
2018-02-15,0.6323,0.5924
2018-02-16,0.6293,0.5895
2018-02-17,0.6382,0.592
2018-02-18,0.6394,0.5713
2018-02-19,0.6379,0.5739
2018-02-20,0.6211,0.575
2018-02-21,0.6295,0.5629
2018-02-22,0.6219,0.5449
2018-02-23,0.6166,0.5368
2018-02-24,0.6166,0.5368
2018-02-25,0.6255,0.5427
2018-02-26,0.6124,0.5354
2018-02-27,0.6145,0.5365
2018-02-28,0.6142,0.5345
2018-03-01,0.6122,0.488
2018-03-02,0.6372,0.4416
2018-03-03,0.6372,0.4416
2018-03-04,0.6635,0.4673
2018-03-05,0.6635,0.4673
2018-03-06,0.6457,0.4535
2018-03-07,0.6159,0.4332
2018-03-08,0.6159,0.4332
2018-03-09,0.6159,0.4332
2018-03-10,0.6183,0.4337
2018-03-11,0.5927,0.4204
2018-03-12,0.5927,0.4204
2018-03-13,0.5629,0.4629
2018-03-14,0.5314,0.4392
2018-03-15,0.5314,0.4392
2018-03-16,0.5314,0.4392
2018-03-17,0.5358,0.4437
2018-03-18,0.5372,0.4209
2018-03-19,0.5732,0.4902
2018-03-20,0.5526,0.501
2018-03-21,0.5579,0.4766
2018-03-22,0.558,0.476
2018-03-23,0.5797,0.5089
2018-03-24,0.5862,0.5169
2018-03-25,0.5903,0.5281
2018-03-26,0.5903,0.5281
2018-03-27,0.5947,0.5324
2018-03-28,0.6063,0.5407
2018-03-29,0.6155,0.5478
2018-03-30,0.6155,0.5478
2018-03-31,0.6206,0.5551
2018-04-01,0.6455,0.5731
2018-04-02,0.6325,0.565
2018-04-03,0.6325,0.565
2018-04-04,0.6325,0.565
2018-04-05,0.6433,0.5726
2018-04-06,0.6444,0.5794
2018-04-07,0.6282,0.5634
2018-04-08,0.6213,0.5611
2018-04-09,0.6217,0.5468
2018-04-10,0.6276,0.5472
2018-04-11,0.6263,0.5439
2018-04-12,0.6241,0.5536
2018-04-13,0.6256,0.5607
2018-04-14,0.6256,0.5607
2018-04-15,0.6267,0.5577
2018-04-16,0.6415,0.5861
2018-04-17,0.6406,0.5805
2018-04-18,0.6065,0.5751
2018-04-19,0.6098,0.5552
2018-04-20,0.5934,0.5453
2018-04-21,0.5894,0.5192
2018-04-22,0.5855,0.533
2018-04-23,0.5855,0.533
2018-04-24,0.6088,0.546
2018-04-25,0.6088,0.546
2018-04-26,0.587,0.531
2018-04-27,0.5653,0.5172
2018-04-28,0.558,0.5146
2018-04-29,0.5449,0.5018
2018-04-30,0.5656,0.4583
2018-05-01,0.5656,0.4583
2018-05-02,0.5828,0.5452
2018-05-03,0.5828,0.5452
2018-05-04,0.5828,0.5452
2018-05-05,0.566,0.5246
2018-05-06,0.566,0.5246
2018-05-07,0.5647,0.5378
2018-05-08,0.5741,0.5496
2018-05-09,0.5683,0.545
2018-05-10,0.5683,0.545
2018-05-11,0.5628,0.5336
2018-05-12,0.5813,0.5472
2018-05-13,0.5775,0.5432
2018-05-14,0.5715,0.5325
2018-05-15,0.5741,0.5355
2018-05-16,0.5811,0.5075
2018-05-17,0.5836,0.5355
2018-05-18,0.5836,0.5355
2018-05-19,0.5927,0.5485
2018-05-20,0.5984,0.5537
2018-05-21,0.5844,0.5432
2018-05-22,0.5844,0.5432
2018-05-23,0.5844,0.5432
2018-05-24,0.5844,0.5432
2018-05-25,0.5844,0.5432
2018-05-26,0.5881,0.5459
2018-05-27,0.595,0.5646
2018-05-28,0.5847,0.5555
2018-05-29,0.6121,0.5919
2018-05-30,0.6121,0.5919
2018-05-31,0.6215,0.6012
2018-06-01,0.6288,0.6061
2018-06-02,0.6215,0.5971
2018-06-03,0.6215,0.5971
2018-06-04,0.6246,0.6048
2018-06-05,0.6352,0.6132
2018-06-06,0.6295,0.6075
2018-06-07,0.6295,0.6075
2018-06-08,0.6366,0.614
2018-06-09,0.6366,0.614
2018-06-10,0.6397,0.6168
2018-06-11,0.6397,0.6168
2018-06-12,0.628,0.6101
2018-06-13,0.6451,0.6292
2018-06-14,0.6451,0.6292
2018-06-15,0.6451,0.6292
2018-06-16,0.6512,0.6225
2018-06-17,0.6344,0.6049
2018-06-18,0.6319,0.6137
2018-06-19,0.6396,0.623
2018-06-20,0.6472,0.6298
2018-06-21,0.6472,0.6298
2018-06-22,0.6472,0.6298
2018-06-23,0.6472,0.6298
2018-06-24,0.6472,0.6298
2018-06-25,0.6561,0.6171
2018-06-26,0.6561,0.6171
2018-06-27,0.6429,0.6098
2018-06-28,0.6464,0.6184
2018-06-29,0.6464,0.6184
2018-06-30,0.6454,0.6072
2018-07-01,0.6454,0.6072
2018-07-02,0.6615,0.6176
2018-07-03,0.6399,0.6062
2018-07-04,0.6399,0.6062
2018-07-05,0.6325,0.5986
2018-07-06,0.6277,0.5979
2018-07-07,0.6277,0.5979
2018-07-08,0.6277,0.5979
2018-07-09,0.6189,0.5953
2018-07-10,0.6151,0.5886
2018-07-11,0.6151,0.5886
2018-07-12,0.6375,0.6081
2018-07-13,0.6375,0.6081
2018-07-14,0.6375,0.6081
2018-07-15,0.6375,0.6081
2018-07-16,0.6375,0.6081
2018-07-17,0.6534,0.5984
2018-07-18,0.6661,0.5856
2018-07-19,0.6661,0.5856
2018-07-20,0.6623,0.6078
2018-07-21,0.6503,0.6146
2018-07-22,0.6503,0.6146
2018-07-23,0.6623,0.6207
2018-07-24,0.6623,0.6207
2018-07-25,0.6482,0.6075
2018-07-26,0.6613,0.6241
2018-07-27,0.6587,0.6273
2018-07-28,0.6587,0.6273
2018-07-29,0.6587,0.6273
2018-07-30,0.6747,0.6449
2018-07-31,0.678,0.648
2018-08-01,0.678,0.648
2018-08-02,0.6852,0.6411
2018-08-03,0.6852,0.6411
2018-08-04,0.7061,0.6493
2018-08-05,0.6929,0.6371
2018-08-06,0.6929,0.6371
2018-08-07,0.6908,0.6414
2018-08-08,0.721,0.6371
2018-08-09,0.7321,0.6316
2018-08-10,0.6975,0.6371
2018-08-11,0.6975,0.6371
2018-08-12,0.6975,0.6371
2018-08-13,0.6943,0.6448
2018-08-14,0.6943,0.6448
2018-08-15,0.6943,0.6448
2018-08-16,0.6949,0.6382
2018-08-17,0.6935,0.6416
2018-08-18,0.6935,0.6416
2018-08-19,0.7058,0.6541
2018-08-20,0.7004,0.6683
2018-08-21,0.7004,0.6683
2018-08-22,0.7051,0.6674
2018-08-23,0.6896,0.6683
2018-08-24,0.698,0.6674
2018-08-25,0.698,0.6674
2018-08-26,0.6878,0.6583
2018-08-27,0.6878,0.6583
2018-08-28,0.6878,0.6583
2018-08-29,0.6732,0.6602
2018-08-30,0.6818,0.6685
2018-08-31,0.6818,0.6685
2018-09-01,0.6818,0.6685
2018-09-02,0.6818,0.6685
2018-09-03,0.6753,0.661
2018-09-04,0.6775,0.6591
2018-09-05,0.6775,0.6591
2018-09-06,0.6851,0.6568
2018-09-07,0.6851,0.6568
2018-09-08,0.6851,0.6568
2018-09-09,0.6899,0.6536
2018-09-10,0.6899,0.6536
2018-09-11,0.6867,0.6568
2018-09-12,0.687,0.6361
2018-09-13,0.687,0.6361
2018-09-14,0.687,0.6361
2018-09-15,0.6917,0.6487
2018-09-16,0.6808,0.6277
2018-09-17,0.6808,0.6277
2018-09-18,0.6808,0.6277
2018-09-19,0.6808,0.6277
2018-09-20,0.6808,0.6277
2018-09-21,0.672,0.6373
2018-09-22,0.6805,0.6487
2018-09-23,0.6952,0.6076
2018-09-24,0.6952,0.6076
2018-09-25,0.6782,0.5917
2018-09-26,0.6782,0.5917
2018-09-27,0.6782,0.5917
2018-09-28,0.694,0.5997
2018-09-29,0.694,0.5997
2018-09-30,0.694,0.5997
2018-10-01,0.694,0.5997
2018-10-02,0.6728,0.5769
2018-10-03,0.6846,0.5439
2018-10-04,0.6846,0.5439
2018-10-05,0.6846,0.5439
2018-10-06,0.6694,0.5319
2018-10-07,0.6694,0.5319
2018-10-08,0.6694,0.5319
2018-10-09,0.6694,0.5319
2018-10-10,0.6694,0.5319
2018-10-11,0.7014,0.5468
2018-10-12,0.7222,0.5579
2018-10-13,0.7222,0.5579
2018-10-14,0.6724,0.5776
2018-10-15,0.6724,0.5776
2018-10-16,0.7066,0.6023
2018-10-17,0.7066,0.6023
2018-10-18,0.7066,0.6023
2018-10-19,0.7066,0.6023
2018-10-20,0.7066,0.6023
2018-10-21,0.7027,0.6133
2018-10-22,0.7027,0.6133
2018-10-23,0.7373,0.6634
2018-10-24,0.7373,0.6634
2018-10-25,0.7557,0.6472
2018-10-26,0.7557,0.6472
2018-10-27,0.7359,0.6519
2018-10-28,0.7252,0.6553
2018-10-29,0.7252,0.6553
2018-10-30,0.7252,0.6553
2018-10-31,0.7216,0.6579
2018-11-01,0.7099,0.6642
2018-11-02,0.7184,0.6528
2018-11-03,0.7191,0.6516
2018-11-04,0.7191,0.6516
2018-11-05,0.7289,0.6468
2018-11-06,0.6896,0.619
2018-11-07,0.6896,0.619
2018-11-08,0.6804,0.6285
2018-11-09,0.6804,0.6285
2018-11-10,0.6804,0.6285
2018-11-11,0.669,0.6079
2018-11-12,0.669,0.6079
2018-11-13,0.669,0.6079
2018-11-14,0.669,0.6079
2018-11-15,0.669,0.6079
2018-11-16,0.6476,0.5968
2018-11-17,0.6476,0.5968
2018-11-18,0.6476,0.5968
2018-11-19,0.6476,0.5968
2018-11-20,0.6476,0.5968
2018-11-21,0.6476,0.5968
2018-11-22,0.6476,0.5968
2018-11-23,0.6371,0.586
2018-11-24,0.6434,0.5973
2018-11-25,0.6266,0.5712
2018-11-26,0.6317,0.5503
2018-11-27,0.6315,0.5543
2018-11-28,0.6315,0.5543
2018-11-29,0.6315,0.5543
2018-11-30,0.632,0.5239
2018-12-01,0.632,0.5239
2018-12-02,0.6435,0.5308
2018-12-03,0.6435,0.5308
2018-12-04,0.6636,0.5597
2018-12-05,0.6636,0.5597
2018-12-06,0.6445,0.6001
2018-12-07,0.6445,0.6001
2018-12-08,0.6664,0.6332
2018-12-09,0.6664,0.6332
2018-12-10,0.6664,0.6332
2018-12-11,0.6761,0.6248
2018-12-12,0.6761,0.6248
2018-12-13,0.6998,0.6377
2018-12-14,0.6756,0.6046
2018-12-15,0.6756,0.6046
2018-12-16,0.7044,0.6348
2018-12-17,0.6882,0.6416
2018-12-18,0.6882,0.6416
2018-12-19,0.6882,0.6416
2018-12-20,0.6731,0.6325
2018-12-21,0.6904,0.633
2018-12-22,0.6904,0.633
2018-12-23,0.6751,0.6244
2018-12-24,0.6751,0.6244
2018-12-25,0.6796,0.6322
2018-12-26,0.6647,0.6194
2018-12-27,0.6747,0.6053
2018-12-28,0.6468,0.5478
2018-12-29,0.6468,0.5478
2018-12-30,0.6468,0.5478
2018-12-31,0.6394,0.5734
2019-01-01,0.645,0.5623
2019-01-02,0.645,0.5623
2019-01-03,0.6394,0.534
2019-01-04,0.6394,0.534
2019-01-05,0.6394,0.534
2019-01-06,0.6394,0.534
2019-01-07,0.6829,0.5501
2019-01-08,0.6829,0.5501
2019-01-09,0.6829,0.5501
2019-01-10,0.6429,0.5752
2019-01-11,0.6429,0.5752
2019-01-12,0.6429,0.5752
2019-01-13,0.615,0.563
2019-01-14,0.6009,0.5509
2019-01-15,0.5959,0.5717
